mysqldump: [Warning] Using a password on the command line interface can be insecure.
-- MySQL dump 10.13  Distrib 8.0.46, for Win64 (x86_64)
--
-- Host: localhost    Database: mental_health
-- ------------------------------------------------------
-- Server version	8.0.46

/*!40101 SET @OLD_CHARACTER_SET_CLIENT=@@CHARACTER_SET_CLIENT */;
/*!40101 SET @OLD_CHARACTER_SET_RESULTS=@@CHARACTER_SET_RESULTS */;
/*!40101 SET @OLD_COLLATION_CONNECTION=@@COLLATION_CONNECTION */;
/*!50503 SET NAMES utf8mb4 */;
/*!40103 SET @OLD_TIME_ZONE=@@TIME_ZONE */;
/*!40103 SET TIME_ZONE='+00:00' */;
/*!40014 SET @OLD_UNIQUE_CHECKS=@@UNIQUE_CHECKS, UNIQUE_CHECKS=0 */;
/*!40014 SET @OLD_FOREIGN_KEY_CHECKS=@@FOREIGN_KEY_CHECKS, FOREIGN_KEY_CHECKS=0 */;
/*!40101 SET @OLD_SQL_MODE=@@SQL_MODE, SQL_MODE='NO_AUTO_VALUE_ON_ZERO' */;
/*!40111 SET @OLD_SQL_NOTES=@@SQL_NOTES, SQL_NOTES=0 */;

--
-- Current Database: `mental_health`
--

CREATE DATABASE /*!32312 IF NOT EXISTS*/ `mental_health` /*!40100 DEFAULT CHARACTER SET utf8mb4 COLLATE utf8mb4_unicode_ci */ /*!80016 DEFAULT ENCRYPTION='N' */;

USE `mental_health`;

--
-- Table structure for table `appointment`
--

DROP TABLE IF EXISTS `appointment`;
/*!40101 SET @saved_cs_client     = @@character_set_client */;
/*!50503 SET character_set_client = utf8mb4 */;
CREATE TABLE `appointment` (
  `id` bigint NOT NULL AUTO_INCREMENT,
  `user_id` bigint NOT NULL,
  `counselor_name` varchar(50) COLLATE utf8mb4_unicode_ci DEFAULT NULL,
  `appointment_date` varchar(20) COLLATE utf8mb4_unicode_ci DEFAULT NULL,
  `time_slot` varchar(20) COLLATE utf8mb4_unicode_ci DEFAULT NULL,
  `type` varchar(20) COLLATE utf8mb4_unicode_ci DEFAULT 'individual',
  `remark` varchar(500) COLLATE utf8mb4_unicode_ci DEFAULT NULL,
  `status` varchar(20) COLLATE utf8mb4_unicode_ci DEFAULT 'pending',
  `create_time` datetime DEFAULT CURRENT_TIMESTAMP,
  `update_time` datetime DEFAULT CURRENT_TIMESTAMP ON UPDATE CURRENT_TIMESTAMP,
  PRIMARY KEY (`id`)
) ENGINE=InnoDB AUTO_INCREMENT=47 DEFAULT CHARSET=utf8mb4 COLLATE=utf8mb4_unicode_ci COMMENT='预约表';
/*!40101 SET character_set_client = @saved_cs_client */;

--
-- Dumping data for table `appointment`
--

LOCK TABLES `appointment` WRITE;
/*!40000 ALTER TABLE `appointment` DISABLE KEYS */;
INSERT INTO `appointment` VALUES (5,2,'丁宁','2026-05-22','15:00-16:00','individual','人际关系困扰','confirmed','2026-05-18 14:00:00','2026-05-24 13:49:13'),(7,14,'徐艳艳','2026-05-25','14:00-15:00','individual','考前焦虑','cancelled','2026-05-17 09:00:00','2026-05-24 13:49:13'),(8,7,'丁宁','2026-05-26','10:00-11:00','individual','家庭关系问题','cancelled','2026-05-17 10:00:00','2026-05-24 13:49:13'),(9,1,'张一凡','2026-05-27','16:00-17:00','individual','职业规划咨询','cancelled','2026-05-17 08:00:00','2026-05-24 13:49:13'),(10,5,'徐艳艳','2026-05-19','14:00-15:00','individual','情绪管理','confirmed','2026-05-16 09:30:00','2026-05-24 13:49:13'),(11,2,'丁宁','2026-05-28','09:00-10:00','group','团体治疗','confirmed','2026-05-16 11:00:00','2026-05-24 13:49:13'),(12,10,'张一凡','2026-05-29','15:00-16:00','individual','学业压力','confirmed','2026-05-16 14:00:00','2026-05-24 13:49:13'),(13,7,'徐艳艳','2026-05-30','10:00-11:00','individual',NULL,'cancelled','2026-05-23 22:40:40','2026-05-24 13:49:13'),(16,5,'徐艳艳','2026-06-25','14:00-15:00','individual',NULL,'confirmed','2026-05-23 23:01:12','2026-05-24 13:49:13'),(17,7,'徐艳艳','2026-05-23','10:00-11:00','individual',NULL,'cancelled','2026-05-23 23:02:30','2026-05-24 13:49:13'),(18,14,'张一凡','2026-07-01','10:00-11:00','individual',NULL,'cancelled','2026-05-23 23:07:50','2026-05-24 13:49:13'),(20,14,'丁宁','2026-08-01','09:00-10:00','individual',NULL,'cancelled','2026-05-23 23:28:48','2026-05-24 13:49:13'),(22,14,'丁宁','2026-08-11','10:00-11:00','individual',NULL,'cancelled','2026-05-23 23:38:59','2026-05-24 13:49:13'),(26,37,'徐艳艳','2026-05-28','14:00-15:00','individual','想和老师聊聊未来的职业规划','confirmed','2026-05-24 12:00:00','2026-05-24 13:49:13'),(27,39,'丁宁','2026-05-29','09:00-10:00','individual','最近有些焦虑想找人聊聊','confirmed','2026-05-23 12:00:00','2026-05-24 13:49:13'),(28,35,'李雪梅','2026-05-29','14:00-15:00','individual',NULL,'confirmed','2026-05-24 13:03:31','2026-05-24 13:03:31'),(29,14,'丁宁','2026-05-27','14:00-15:00','individual','最近学习压力大想聊聊','confirmed','2026-05-21 00:00:00','2026-05-24 13:49:13'),(30,35,'张一凡','2026-05-25','09:00-10:00','individual','想咨询情绪管理问题','confirmed','2026-05-23 00:00:00','2026-05-24 13:49:13'),(31,36,'徐艳艳','2026-05-29','15:00-16:00','individual','最近失眠严重','pending','2026-05-18 00:00:00','2026-05-24 13:49:13'),(32,37,'丁宁','2026-05-22','10:00-11:00','individual','职业规划咨询','confirmed','2026-05-16 00:00:00','2026-05-24 13:49:13'),(33,38,'张一凡','2026-05-19','14:00-15:00','individual','学业压力','cancelled','2026-05-20 00:00:00','2026-05-24 13:49:13'),(34,39,'徐艳艳','2026-05-31','09:00-10:00','group','团体咨询','pending','2026-05-21 00:00:00','2026-05-24 13:49:13'),(35,2,'丁宁','2026-05-26','14:00-15:00','individual','人际关系','confirmed','2026-05-23 00:00:00','2026-05-24 13:49:13'),(36,7,'张一凡','2026-05-21','10:00-11:00','individual','情绪疏导','cancelled','2026-05-16 00:00:00','2026-05-24 13:49:13'),(37,15,'徐艳艳','2026-05-28','09:00-10:00','individual','想找人聊聊','confirmed','2026-05-23 00:00:00','2026-05-24 13:49:13'),(38,16,'丁宁','2026-05-23','15:00-16:00','individual','人际关系咨询','confirmed','2026-05-23 00:00:00','2026-05-24 13:49:13'),(39,14,'张一凡','2026-05-26','09:00-10:00','individual','学业压力','confirmed','2026-05-18 00:00:00','2026-05-24 14:41:48'),(40,35,'徐艳艳','2026-05-27','14:00-15:00','individual','情绪管理','confirmed','2026-05-23 00:00:00','2026-05-24 14:41:48'),(41,36,'丁宁','2026-05-29','15:00-16:00','individual','心理咨询','pending','2026-05-14 00:00:00','2026-05-24 14:41:48'),(42,37,'张一凡','2026-05-23','10:00-11:00','individual','职业规划','confirmed','2026-05-22 00:00:00','2026-05-24 14:41:48'),(43,38,'徐艳艳','2026-05-20','14:00-15:00','individual','学习压力','cancelled','2026-05-20 00:00:00','2026-05-24 14:41:48'),(44,39,'丁宁','2026-05-31','09:00-10:00','individual','团体咨询','pending','2026-05-23 00:00:00','2026-05-24 14:41:48'),(45,2,'张一凡','2026-05-25','14:00-15:00','individual','人际关系','confirmed','2026-05-22 00:00:00','2026-05-24 14:41:48'),(46,15,'徐艳艳','2026-05-28','09:00-10:00','individual','情绪疏导','confirmed','2026-05-15 00:00:00','2026-05-24 14:41:48');
/*!40000 ALTER TABLE `appointment` ENABLE KEYS */;
UNLOCK TABLES;

--
-- Table structure for table `article`
--

DROP TABLE IF EXISTS `article`;
/*!40101 SET @saved_cs_client     = @@character_set_client */;
/*!50503 SET character_set_client = utf8mb4 */;
CREATE TABLE `article` (
  `id` bigint NOT NULL AUTO_INCREMENT,
  `title` varchar(200) COLLATE utf8mb4_unicode_ci NOT NULL,
  `summary` varchar(500) COLLATE utf8mb4_unicode_ci DEFAULT NULL,
  `content` longtext COLLATE utf8mb4_unicode_ci,
  `category` varchar(50) COLLATE utf8mb4_unicode_ci DEFAULT NULL,
  `cover_image` varchar(500) COLLATE utf8mb4_unicode_ci DEFAULT NULL,
  `author` varchar(100) COLLATE utf8mb4_unicode_ci DEFAULT NULL,
  `view_count` int DEFAULT '0',
  `status` varchar(20) COLLATE utf8mb4_unicode_ci DEFAULT 'draft',
  `is_recommended` tinyint DEFAULT '0',
  `create_time` datetime DEFAULT CURRENT_TIMESTAMP,
  `update_time` datetime DEFAULT CURRENT_TIMESTAMP ON UPDATE CURRENT_TIMESTAMP,
  PRIMARY KEY (`id`)
) ENGINE=InnoDB AUTO_INCREMENT=10 DEFAULT CHARSET=utf8mb4 COLLATE=utf8mb4_unicode_ci COMMENT='文章表';
/*!40101 SET character_set_client = @saved_cs_client */;

--
-- Dumping data for table `article`
--

LOCK TABLES `article` WRITE;
/*!40000 ALTER TABLE `article` DISABLE KEYS */;
INSERT INTO `article` VALUES (1,'认识焦虑：你的身体在保护你','焦虑不是敌人，而是身体的一种保护机制。了解焦虑的根源，学会与之共处。','<h3>焦虑的本质</h3><p>焦虑是人体面对潜在威胁时的一种自然反应。当我们感到焦虑时，身体会释放肾上腺素，进入\"战或逃\"状态。这在原始社会帮助我们躲避危险，但在现代社会中，这种反应可能被过度激活。</p><h3>焦虑的症状</h3><ul><li>心悸、心跳加速</li><li>呼吸急促</li><li>肌肉紧张</li><li>注意力难以集中</li><li>睡眠障碍</li></ul><h3>如何管理焦虑</h3><p>1. <strong>深呼吸练习</strong>：当焦虑来袭时，尝试4-7-8呼吸法——吸气4秒，屏息7秒，呼气8秒。</p><p>2. <strong>正念冥想</strong>：每天花10分钟观察自己的呼吸和身体感受，不加评判。</p><p>3. <strong>规律运动</strong>：每周3次30分钟的有氧运动可以显著降低焦虑水平。</p><p>4. <strong>减少咖啡因</strong>：咖啡因会刺激神经系统，加重焦虑症状。</p>','knowledge',NULL,'心理咨询师 王老师',129,'published',1,'2026-04-30 23:17:21','2026-05-10 23:17:21'),(2,'抑郁不是软弱：理解抑郁症','抑郁症是一种真实的疾病，不是性格缺陷。打破污名，从理解开始。','<h3>抑郁症不是\"想开点\"就能好的</h3><p>抑郁症是一种常见的心理健康障碍，影响着全球超过2.6亿人。它不是\"心情不好\"，也不是\"矫情\"，而是一种需要专业治疗的疾病。</p><h3>常见症状</h3><ul><li>持续的情绪低落，几乎每天发生</li><li>对平时喜欢的事物失去兴趣</li><li>食欲显著改变（增加或减少）</li><li>睡眠问题（失眠或嗜睡）</li><li>精力不足，感到疲惫</li><li>自我价值感低</li><li>注意力不集中</li><li>反复出现死亡念头</li></ul><h3>何时寻求帮助</h3><p>如果上述症状持续超过两周，并影响到你的工作、学习或人际关系，请务必寻求专业心理医生的帮助。</p><p>记住：抑郁症是可以治疗的。心理治疗和药物治疗都有很好的效果。</p>','knowledge',NULL,'临床心理师 李医生',256,'published',1,'2026-05-01 23:17:21','2026-05-10 23:17:21'),(3,'正念冥想入门指南','每天10分钟，学会正念冥想，让心灵找到平静的港湾。','<h3>什么是正念冥想</h3><p>正念（Mindfulness）是一种有意识地、不加评判地关注当下的方式。源于佛教禅修，但已被现代心理学广泛研究和应用。</p><h3>基础练习步骤</h3><p><strong>第一步：找安静的地方坐下</strong></p><p>坐在椅子上或垫子上，保持脊柱挺直但不僵硬。</p><p><strong>第二步：关注呼吸</strong></p><p>闭上眼睛，把注意力放在呼吸上。感受空气进入鼻腔、充满肺部、然后缓缓呼出。</p><p><strong>第三步：接纳走神</strong></p><p>你会发现注意力会跑掉，这是正常的。当发现走神时，温柔地把注意力带回到呼吸上，不要责备自己。</p><p><strong>第四步：从5分钟开始</strong></p><p>刚开始每天练习5分钟，逐渐延长到10-15分钟。</p><h3>正念的好处</h3><ul><li>减轻压力和焦虑</li><li>改善注意力</li><li>增强情绪调节能力</li><li>提高自我觉察</li><li>改善睡眠质量</li></ul>','therapy',NULL,'正念导师 张老师',89,'published',1,'2026-05-02 23:17:21','2026-05-10 23:17:21'),(4,'如何建立健康的社交边界','学会说\"不\"，保护自己的情感能量。','<h3>什么是社交边界</h3><p>社交边界是我们在人际关系中设定的\"心理围栏\"，它定义了我们可以接受什么，不能接受什么。健康的边界让我们既能与人亲近，又能保护自己的情感和能量。</p><h3>边界类型</h3><ul><li><strong>物理边界</strong>：个人空间、身体接触的舒适度</li><li><strong>情感边界</strong>：分享个人感受的程度、不承担他人的情绪责任</li><li><strong>时间边界</strong>：如何分配自己的时间，学会拒绝</li><li><strong>数字边界</strong>：工作消息的时间界限、社交媒体使用</li></ul><h3>如何设定边界</h3><p>1. 清楚自己的底线：什么让你感到不舒服？</p><p>2. 直接而礼貌地表达：\"我需要一些独处时间。\"</p><p>3. 保持一致性：一旦设定了边界，就要坚持。</p><p>4. 不要过度解释：说\"不\"不需要长篇大论的理由。</p>','knowledge',NULL,'心理咨询师 陈老师',67,'published',1,'2026-05-03 23:17:21','2026-05-10 23:17:21'),(5,'压力管理：在快节奏中找到平衡','压力不是问题，如何应对压力才是关键。学会与压力共舞。','<h3>压力的双面性</h3><p>适度的压力可以激发潜能，提高效率。但长期过度的压力会对身心健康造成损害。关键不在于消除压力，而在于学会管理和调节。</p><h3>压力的信号</h3><ul><li>身体信号：头痛、肌肉酸痛、消化问题</li><li>情绪信号：易怒、焦虑、情绪低落</li><li>行为信号：食欲改变、社交退缩、工作效率下降</li></ul><h3>有效的压力管理技巧</h3><p><strong>1. 时间管理</strong></p><p>使用番茄工作法：25分钟专注工作，5分钟休息。每4个番茄钟后休息15-30分钟。</p><p><strong>2. 运动释放</strong></p><p>运动是最好的减压方式之一。即使是10分钟的散步也能改善情绪。</p><p><strong>3. 社交支持</strong></p><p>与信任的朋友或家人聊聊你的压力。分享本身就是一种释放。</p><p><strong>4. 兴趣爱好的力量</strong></p><p>培养一个与工作无关的兴趣爱好，让你从压力中暂时抽离。</p>','knowledge',NULL,'心理健康顾问 刘老师',210,'published',1,'2026-05-04 23:17:21','2026-05-10 23:17:21'),(6,'改善人际关系的五个沟通技巧','良好的沟通是健康人际关系的基石。学会这些技巧，让关系更融洽。','<h3>1. 积极倾听</h3><p>真正的倾听不是等待发言的机会，而是努力理解对方的感受和需求。保持眼神接触，点头示意，适时回应。</p><h3>2. \"我\"语言表达</h3><p>用\"我感到...\"代替\"你总是...\"。前者表达感受，后者容易引发防御。</p><p>❌ \"你从来不听我说话。\"</p><p>✅ \"当我说话时没有回应，我感到不被重视。\"</p><h3>3. 非暴力沟通</h3><p>观察 → 感受 → 需要 → 请求。四个步骤清晰表达自己，不指责对方。</p><h3>4. 确认理解</h3><p>\"我听到你说的是……对吗？\" 这避免了误解，也让对方感到被倾听。</p><h3>5. 学会暂停</h3><p>当情绪激烈时，请求暂停：\"我现在有点激动，我们需要休息10分钟再谈。\"</p>','knowledge',NULL,'心理咨询师 王老师',148,'published',1,'2026-05-05 23:17:21','2026-05-10 23:17:21'),(7,'如何帮助有心理健康困扰的朋友','当朋友处于心理困扰时，你的支持可能比想象中更有力量。','<h3>第一步：学会识别信号</h3><p>朋友可能正在经历心理困扰的迹象包括：社交退缩、情绪波动剧烈、对平时喜欢的事物失去兴趣、饮食和睡眠显著变化、频繁提到无助或无价值感。</p><h3>第二步：如何开口</h3><p>找一个安静私密的环境，用关心的语气说：\"我最近注意到你有些变化，我有点担心你。你愿意和我聊聊吗？\"</p><h3>第三步：倾听而非建议</h3><p>大多数人不需要解决方案，他们需要被听见。不要急于给出建议，先理解他们的感受。</p><h3>第四步：鼓励寻求专业帮助</h3><p>\"我很愿意支持你，同时我觉得专业人士可能更能帮到你。我陪你去心理咨询中心好吗？\"</p><h3>第五步：照顾好自己</h3><p>支持他人很重要，但也要注意保护自己的心理健康。如果你的朋友有自杀风险，请务必告诉专业人士或联系心理援助热线。</p>','case',NULL,'心理援助员 赵老师',35,'published',0,'2026-05-06 23:17:21','2026-05-10 23:17:21'),(8,'自我关怀：对自己温柔以待','我们常常对他人比对自己更友善。学会自我关怀，是心理健康的重要一步。','<h3>什么是自我关怀</h3><p>自我关怀（Self-Compassion）是指以对待好朋友的方式来对待自己——在困难时刻给予自己温暖和理解，而不是严厉的批评。</p><h3>自我关怀的三要素</h3><p><strong>1. 自我友善</strong></p><p>对自己说\"这确实很难，没关系\"而不是\"我怎么这么没用\"。</p><p><strong>2. 共通人性</strong></p><p>记住每个人都会经历困难和失败，你并不孤单。</p><p><strong>3. 正念觉察</strong></p><p>以平衡的方式觉察自己的情绪，不压抑也不放大。</p><h3>自我关怀练习</h3><p><strong>给自己写一封信：</strong>以一个好朋友的视角，给自己写一封安慰和鼓励的信。</p><p><strong>自我关怀停顿：</strong>当感到压力时，把手放在心口，深呼吸，对自己说：\"这一刻很难，但我会挺过去的。\"</p><p><strong>感恩日记：</strong>每天睡前写下三件值得感恩的事，无论多么微小。</p>','therapy',NULL,'心理咨询师 林老师',180,'published',1,'2026-05-07 23:17:21','2026-05-10 23:17:21');
/*!40000 ALTER TABLE `article` ENABLE KEYS */;
UNLOCK TABLES;

--
-- Table structure for table `assessment`
--

DROP TABLE IF EXISTS `assessment`;
/*!40101 SET @saved_cs_client     = @@character_set_client */;
/*!50503 SET character_set_client = utf8mb4 */;
CREATE TABLE `assessment` (
  `id` bigint NOT NULL AUTO_INCREMENT,
  `title` varchar(200) COLLATE utf8mb4_unicode_ci NOT NULL,
  `description` text COLLATE utf8mb4_unicode_ci,
  `type` varchar(50) COLLATE utf8mb4_unicode_ci DEFAULT NULL,
  `category_id` int DEFAULT NULL COMMENT '关联 assessment_category.id',
  `cover_image` varchar(500) COLLATE utf8mb4_unicode_ci DEFAULT NULL,
  `status` varchar(20) COLLATE utf8mb4_unicode_ci DEFAULT 'draft',
  `question_count` int DEFAULT '0',
  `create_by` bigint DEFAULT NULL,
  `create_time` datetime DEFAULT CURRENT_TIMESTAMP,
  `update_time` datetime DEFAULT CURRENT_TIMESTAMP ON UPDATE CURRENT_TIMESTAMP,
  PRIMARY KEY (`id`)
) ENGINE=InnoDB AUTO_INCREMENT=16 DEFAULT CHARSET=utf8mb4 COLLATE=utf8mb4_unicode_ci COMMENT='评估量表';
/*!40101 SET character_set_client = @saved_cs_client */;

--
-- Dumping data for table `assessment`
--

LOCK TABLES `assessment` WRITE;
/*!40000 ALTER TABLE `assessment` DISABLE KEYS */;
INSERT INTO `assessment` VALUES (1,'抑郁自评量表（SDS）','评估近期抑郁情绪程度','depression',1,NULL,'published',14,NULL,'2026-05-24 13:00:16','2026-05-24 13:00:16'),(2,'焦虑自评量表（SAS）','评估近期焦虑情绪水平','anxiety',1,NULL,'published',14,NULL,'2026-05-24 13:00:16','2026-05-24 13:00:16'),(3,'情绪稳定度量表','评估情绪调节与稳定性','mood_fluctuation',1,NULL,'published',10,NULL,'2026-05-24 13:00:16','2026-05-24 13:00:16'),(4,'学习压力感知量表','评估当前学业压力水平','stress',2,NULL,'published',14,NULL,'2026-05-24 13:00:16','2026-05-24 13:00:16'),(5,'考试焦虑量表','评估考试前的紧张程度','exam_anxiety',2,NULL,'published',12,NULL,'2026-05-24 13:00:16','2026-05-24 13:00:16'),(6,'学习动力评估','评估学习动机和自我效能','learning_motivation',2,NULL,'published',12,NULL,'2026-05-24 13:00:16','2026-05-24 13:00:16'),(7,'匹茨堡睡眠质量指数量表（PSQI）','评估近一个月睡眠质量','sleep',3,NULL,'published',14,NULL,'2026-05-24 13:00:16','2026-05-24 13:00:16'),(8,'日间疲劳评估','评估白天疲劳和精力水平','daytime_fatigue',3,NULL,'published',12,NULL,'2026-05-24 13:00:16','2026-05-24 13:00:16'),(9,'作息规律评估','评估日常作息规律程度','routine',3,NULL,'published',12,NULL,'2026-05-24 13:00:16','2026-05-24 13:00:16'),(10,'社交焦虑量表','评估社交场合中的焦虑程度','social',4,NULL,'published',12,NULL,'2026-05-24 13:00:16','2026-05-24 13:00:16'),(11,'人际关系满意度量表','评估对人际关系的满意程度','relationship',4,NULL,'published',12,NULL,'2026-05-24 13:00:16','2026-05-24 13:00:16'),(12,'人际支持感知量表','评估感受到的支持程度','support',4,NULL,'published',12,NULL,'2026-05-24 13:00:16','2026-05-24 13:00:16'),(13,'自尊水平评估量表','评估自我价值和自尊水平','self_esteem',5,NULL,'published',12,NULL,'2026-05-24 13:00:16','2026-05-24 13:00:16'),(14,'心理韧性量表','评估抗压和恢复能力','resilience',5,NULL,'published',12,NULL,'2026-05-24 13:00:16','2026-05-24 13:00:16'),(15,'生活满意度量表','评估对生活的总体满意度','wellbeing',5,NULL,'published',12,NULL,'2026-05-24 13:00:16','2026-05-24 13:00:16');
/*!40000 ALTER TABLE `assessment` ENABLE KEYS */;
UNLOCK TABLES;

--
-- Table structure for table `assessment_category`
--

DROP TABLE IF EXISTS `assessment_category`;
/*!40101 SET @saved_cs_client     = @@character_set_client */;
/*!50503 SET character_set_client = utf8mb4 */;
CREATE TABLE `assessment_category` (
  `id` bigint NOT NULL AUTO_INCREMENT,
  `name` varchar(50) NOT NULL COMMENT '板块名称',
  `sort_order` int DEFAULT '0' COMMENT '排序',
  `enabled` tinyint DEFAULT '1' COMMENT '1=启用 0=停用',
  `created_at` datetime DEFAULT CURRENT_TIMESTAMP,
  PRIMARY KEY (`id`)
) ENGINE=InnoDB AUTO_INCREMENT=8 DEFAULT CHARSET=utf8mb4 COLLATE=utf8mb4_0900_ai_ci COMMENT='测评板块分类';
/*!40101 SET character_set_client = @saved_cs_client */;

--
-- Dumping data for table `assessment_category`
--

LOCK TABLES `assessment_category` WRITE;
/*!40000 ALTER TABLE `assessment_category` DISABLE KEYS */;
INSERT INTO `assessment_category` VALUES (1,'情绪状态',1,1,'2026-05-24 13:00:16'),(2,'学习压力',2,1,'2026-05-24 13:00:16'),(3,'睡眠健康',3,1,'2026-05-24 13:00:16'),(4,'人际关系',4,1,'2026-05-24 13:00:16'),(5,'自我认知',5,1,'2026-05-24 13:00:16');
/*!40000 ALTER TABLE `assessment_category` ENABLE KEYS */;
UNLOCK TABLES;

--
-- Table structure for table `assessment_question`
--

DROP TABLE IF EXISTS `assessment_question`;
/*!40101 SET @saved_cs_client     = @@character_set_client */;
/*!50503 SET character_set_client = utf8mb4 */;
CREATE TABLE `assessment_question` (
  `id` bigint NOT NULL AUTO_INCREMENT,
  `assessment_id` bigint NOT NULL,
  `sort_order` int DEFAULT NULL,
  `question_text` text COLLATE utf8mb4_unicode_ci NOT NULL,
  `option_a` varchar(200) COLLATE utf8mb4_unicode_ci DEFAULT NULL,
  `option_b` varchar(200) COLLATE utf8mb4_unicode_ci DEFAULT NULL,
  `option_c` varchar(200) COLLATE utf8mb4_unicode_ci DEFAULT NULL,
  `option_d` varchar(200) COLLATE utf8mb4_unicode_ci DEFAULT NULL,
  `score_a` int DEFAULT '0',
  `score_b` int DEFAULT '1',
  `score_c` int DEFAULT '2',
  `score_d` int DEFAULT '3',
  `question_type` varchar(20) COLLATE utf8mb4_unicode_ci DEFAULT 'radio',
  PRIMARY KEY (`id`)
) ENGINE=InnoDB AUTO_INCREMENT=187 DEFAULT CHARSET=utf8mb4 COLLATE=utf8mb4_unicode_ci COMMENT='评估题目';
/*!40101 SET character_set_client = @saved_cs_client */;

--
-- Dumping data for table `assessment_question`
--

LOCK TABLES `assessment_question` WRITE;
/*!40000 ALTER TABLE `assessment_question` DISABLE KEYS */;
INSERT INTO `assessment_question` VALUES (1,1,1,'我最近经常感到情绪低落','从不','偶尔','经常','总是',1,2,3,4,'choice'),(2,1,2,'我对以前喜欢的事情失去兴趣','从不','偶尔','经常','总是',1,2,3,4,'choice'),(3,1,3,'我容易感到烦躁不安','从不','偶尔','经常','总是',1,2,3,4,'choice'),(4,1,4,'我经常无缘无故地想哭','从不','偶尔','经常','总是',1,2,3,4,'choice'),(5,1,5,'我觉得自己做什么都不对','从不','偶尔','经常','总是',1,2,3,4,'choice'),(6,1,6,'我对未来感到悲观','从不','偶尔','经常','总是',1,2,3,4,'choice'),(7,1,7,'我很难从负面情绪中走出来','从不','偶尔','经常','总是',1,2,3,4,'choice'),(8,1,8,'我觉得自己很没用','从不','偶尔','经常','总是',1,2,3,4,'choice'),(9,1,9,'我经常感到疲惫乏力','从不','偶尔','经常','总是',1,2,3,4,'choice'),(10,1,10,'我的食欲有明显变化','从不','偶尔','经常','总是',1,2,3,4,'choice'),(11,1,11,'我很难集中注意力','从不','偶尔','经常','总是',1,2,3,4,'choice'),(12,1,12,'我经常自责','从不','偶尔','经常','总是',1,2,3,4,'choice'),(13,1,13,'我觉得生活没有意思','从不','偶尔','经常','总是',1,2,3,4,'choice'),(14,1,14,'我早上醒来时心情最差','从不','偶尔','经常','总是',1,2,3,4,'choice'),(15,2,1,'我经常感到紧张不安','从不','偶尔','经常','总是',1,2,3,4,'choice'),(16,2,2,'我会无缘无故地感到害怕','从不','偶尔','经常','总是',1,2,3,4,'choice'),(17,2,3,'我容易因为小事而焦虑','从不','偶尔','经常','总是',1,2,3,4,'choice'),(18,2,4,'我经常感到心跳加快','从不','偶尔','经常','总是',1,2,3,4,'choice'),(19,2,5,'我很难放松下来','从不','偶尔','经常','总是',1,2,3,4,'choice'),(20,2,6,'我担心最坏的事情会发生','从不','偶尔','经常','总是',1,2,3,4,'choice'),(21,2,7,'我经常感到坐立不安','从不','偶尔','经常','总是',1,2,3,4,'choice'),(22,2,8,'我容易被吓到','从不','偶尔','经常','总是',1,2,3,4,'choice'),(23,2,9,'我经常因为担心而睡不好','从不','偶尔','经常','总是',1,2,3,4,'choice'),(24,2,10,'我在做决定时犹豫不决','从不','偶尔','经常','总是',1,2,3,4,'choice'),(25,2,11,'我经常感到喉咙发紧','从不','偶尔','经常','总是',1,2,3,4,'choice'),(26,2,12,'我担心自己控制不住情绪','从不','偶尔','经常','总是',1,2,3,4,'choice'),(27,2,13,'我经常感到身体紧绷','从不','偶尔','经常','总是',1,2,3,4,'choice'),(28,2,14,'我对很多事情都感到担忧','从不','偶尔','经常','总是',1,2,3,4,'choice'),(29,3,1,'我的情绪经常大起大落','从不','偶尔','经常','总是',1,2,3,4,'choice'),(30,3,2,'我能很好地调节自己的情绪','从不','偶尔','经常','总是',1,2,3,4,'choice'),(31,3,3,'小事就能影响我一整天的情绪','从不','偶尔','经常','总是',1,2,3,4,'choice'),(32,3,4,'我容易因为别人的话而情绪波动','从不','偶尔','经常','总是',1,2,3,4,'choice'),(33,3,5,'我能在情绪激动时保持理智','从不','偶尔','经常','总是',1,2,3,4,'choice'),(34,3,6,'我的情绪变化没有明显原因','从不','偶尔','经常','总是',1,2,3,4,'choice'),(35,3,7,'情绪波动影响了我的日常生活','从不','偶尔','经常','总是',1,2,3,4,'choice'),(36,3,8,'我能快速从负面情绪中恢复','从不','偶尔','经常','总是',1,2,3,4,'choice'),(37,3,9,'我经常因为情绪问题而后悔','从不','偶尔','经常','总是',1,2,3,4,'choice'),(38,3,10,'我清楚自己情绪变化的原因','从不','偶尔','经常','总是',1,2,3,4,'choice'),(39,4,1,'我担心自己的成绩','从不','偶尔','经常','总是',1,2,3,4,'choice'),(40,4,2,'我经常因为作业感到焦虑','从不','偶尔','经常','总是',1,2,3,4,'choice'),(41,4,3,'我觉得学习任务太重','从不','偶尔','经常','总是',1,2,3,4,'choice'),(42,4,4,'我担心自己跟不上进度','从不','偶尔','经常','总是',1,2,3,4,'choice'),(43,4,5,'考试前我会感到很大压力','从不','偶尔','经常','总是',1,2,3,4,'choice'),(44,4,6,'我经常熬夜完成学习任务','从不','偶尔','经常','总是',1,2,3,4,'choice'),(45,4,7,'我觉得学习时间总是不够用','从不','偶尔','经常','总是',1,2,3,4,'choice'),(46,4,8,'我会因为成绩下降而自责','从不','偶尔','经常','总是',1,2,3,4,'choice'),(47,4,9,'我害怕面对考试结果','从不','偶尔','经常','总是',1,2,3,4,'choice'),(48,4,10,'我觉得学习压力快要把我压垮了','从不','偶尔','经常','总是',1,2,3,4,'choice'),(49,4,11,'我经常在学完习后感到精疲力尽','从不','偶尔','经常','总是',1,2,3,4,'choice'),(50,4,12,'我会因为别人的成绩而感到焦虑','从不','偶尔','经常','总是',1,2,3,4,'choice'),(51,4,13,'我担心无法达到自己设定的目标','从不','偶尔','经常','总是',1,2,3,4,'choice'),(52,4,14,'学习压力影响了我的睡眠和饮食','从不','偶尔','经常','总是',1,2,3,4,'choice'),(53,5,1,'考试前我会感到心慌','从不','偶尔','经常','总是',1,2,3,4,'choice'),(54,5,2,'考试时我脑中会一片空白','从不','偶尔','经常','总是',1,2,3,4,'choice'),(55,5,3,'我担心考试考不好会让家人失望','从不','偶尔','经常','总是',1,2,3,4,'choice'),(56,5,4,'考前我经常失眠','从不','偶尔','经常','总是',1,2,3,4,'choice'),(57,5,5,'考试时我会手心出汗','从不','偶尔','经常','总是',1,2,3,4,'choice'),(58,5,6,'我总觉得自己没有复习好','从不','偶尔','经常','总是',1,2,3,4,'choice'),(59,5,7,'考试前我会反复检查学习资料','从不','偶尔','经常','总是',1,2,3,4,'choice'),(60,5,8,'考试时我会因为紧张而看错题目','从不','偶尔','经常','总是',1,2,3,4,'choice'),(61,5,9,'考试后我会一直想着做错的题','从不','偶尔','经常','总是',1,2,3,4,'choice'),(62,5,10,'我害怕看到考试成绩公布','从不','偶尔','经常','总是',1,2,3,4,'choice'),(63,5,11,'模拟考试也能让我感到紧张','从不','偶尔','经常','总是',1,2,3,4,'choice'),(64,5,12,'我经常把自己和别人比较成绩','从不','偶尔','经常','总是',1,2,3,4,'choice'),(65,6,1,'我对学习新知识充满兴趣','从不','偶尔','经常','总是',1,2,3,4,'choice'),(66,6,2,'我每天都能按计划完成学习','从不','偶尔','经常','总是',1,2,3,4,'choice'),(67,6,3,'我经常拖延学习任务','从不','偶尔','经常','总是',1,2,3,4,'choice'),(68,6,4,'我觉得学习是有意义的事','从不','偶尔','经常','总是',1,2,3,4,'choice'),(69,6,5,'我在遇到难题时愿意坚持','从不','偶尔','经常','总是',1,2,3,4,'choice'),(70,6,6,'我对未来有明确的学习目标','从不','偶尔','经常','总是',1,2,3,4,'choice'),(71,6,7,'我容易在学习时走神','从不','偶尔','经常','总是',1,2,3,4,'choice'),(72,6,8,'我愿意花额外时间提升自己','从不','偶尔','经常','总是',1,2,3,4,'choice'),(73,6,9,'我经常因为缺乏动力而放弃学习','从不','偶尔','经常','总是',1,2,3,4,'choice'),(74,6,10,'我能从学习中获得成就感','从不','偶尔','经常','总是',1,2,3,4,'choice'),(75,6,11,'我需要别人督促才能学习','从不','偶尔','经常','总是',1,2,3,4,'choice'),(76,6,12,'我认为努力比天赋更重要','从不','偶尔','经常','总是',1,2,3,4,'choice'),(77,7,1,'我很难快速入睡','从不','偶尔','经常','总是',1,2,3,4,'choice'),(78,7,2,'我半夜容易醒来','从不','偶尔','经常','总是',1,2,3,4,'choice'),(79,7,3,'我起床后仍然感到疲惫','从不','偶尔','经常','总是',1,2,3,4,'choice'),(80,7,4,'我经常做梦','从不','偶尔','经常','总是',1,2,3,4,'choice'),(81,7,5,'我需要超过30分钟才能入睡','从不','偶尔','经常','总是',1,2,3,4,'choice'),(82,7,6,'我经常在凌晨醒来后无法再入睡','从不','偶尔','经常','总是',1,2,3,4,'choice'),(83,7,7,'我的睡眠很浅容易被吵醒','从不','偶尔','经常','总是',1,2,3,4,'choice'),(84,7,8,'我白天经常犯困','从不','偶尔','经常','总是',1,2,3,4,'choice'),(85,7,9,'我靠闹钟才能醒来','从不','偶尔','经常','总是',1,2,3,4,'choice'),(86,7,10,'我对自己的睡眠质量不满意','从不','偶尔','经常','总是',1,2,3,4,'choice'),(87,7,11,'睡前我经常胡思乱想','从不','偶尔','经常','总是',1,2,3,4,'choice'),(88,7,12,'我经常因为睡眠不足而影响学习','从不','偶尔','经常','总是',1,2,3,4,'choice'),(89,7,13,'我尝试过各种方法改善睡眠','从不','偶尔','经常','总是',1,2,3,4,'choice'),(90,7,14,'睡眠问题已经困扰我很久了','从不','偶尔','经常','总是',1,2,3,4,'choice'),(91,8,1,'白天我经常感到困倦','从不','偶尔','经常','总是',1,2,3,4,'choice'),(92,8,2,'我在上课时容易打瞌睡','从不','偶尔','经常','总是',1,2,3,4,'choice'),(93,8,3,'午饭后我特别想睡觉','从不','偶尔','经常','总是',1,2,3,4,'choice'),(94,8,4,'我白天需要喝咖啡或浓茶提神','从不','偶尔','经常','总是',1,2,3,4,'choice'),(95,8,5,'我经常觉得浑身没劲','从不','偶尔','经常','总是',1,2,3,4,'choice'),(96,8,6,'白天犯困影响了学习效率','从不','偶尔','经常','总是',1,2,3,4,'choice'),(97,8,7,'我在安静环境下容易睡着','从不','偶尔','经常','总是',1,2,3,4,'choice'),(98,8,8,'我经常打哈欠','从不','偶尔','经常','总是',1,2,3,4,'choice'),(99,8,9,'白天我很难保持清醒','从不','偶尔','经常','总是',1,2,3,4,'choice'),(100,8,10,'我觉得自己的精力不够用','从不','偶尔','经常','总是',1,2,3,4,'choice'),(101,8,11,'我白天需要小睡才能恢复精力','从不','偶尔','经常','总是',1,2,3,4,'choice'),(102,8,12,'疲劳感影响了我的日常生活','从不','偶尔','经常','总是',1,2,3,4,'choice'),(103,9,1,'我每天的作息比较规律','从不','偶尔','经常','总是',1,2,3,4,'choice'),(104,9,2,'我经常熬夜到很晚','从不','偶尔','经常','总是',1,2,3,4,'choice'),(105,9,3,'我在固定时间吃饭','从不','偶尔','经常','总是',1,2,3,4,'choice'),(106,9,4,'我周末的作息和平常不一样','从不','偶尔','经常','总是',1,2,3,4,'choice'),(107,9,5,'我每天有固定的运动时间','从不','偶尔','经常','总是',1,2,3,4,'choice'),(108,9,6,'我经常不吃早餐','从不','偶尔','经常','总是',1,2,3,4,'choice'),(109,9,7,'我每天的睡眠时间比较固定','从不','偶尔','经常','总是',1,2,3,4,'choice'),(110,9,8,'我在睡前会看手机或电脑','从不','偶尔','经常','总是',1,2,3,4,'choice'),(111,9,9,'我的作息时间经常变化','从不','偶尔','经常','总是',1,2,3,4,'choice'),(112,9,10,'我有固定的放松时间','从不','偶尔','经常','总是',1,2,3,4,'choice'),(113,9,11,'我觉得自己的生活习惯需要改善','从不','偶尔','经常','总是',1,2,3,4,'choice'),(114,9,12,'我能坚持执行自己制定的计划','从不','偶尔','经常','总是',1,2,3,4,'choice'),(115,10,1,'我害怕与别人交流','从不','偶尔','经常','总是',1,2,3,4,'choice'),(116,10,2,'我在集体中容易紧张','从不','偶尔','经常','总是',1,2,3,4,'choice'),(117,10,3,'我担心自己说错话','从不','偶尔','经常','总是',1,2,3,4,'choice'),(118,10,4,'我害怕在众人面前发言','从不','偶尔','经常','总是',1,2,3,4,'choice'),(119,10,5,'我经常回避社交场合','从不','偶尔','经常','总是',1,2,3,4,'choice'),(120,10,6,'我很难融入新环境','从不','偶尔','经常','总是',1,2,3,4,'choice'),(121,10,7,'我在陌生人面前很不自在','从不','偶尔','经常','总是',1,2,3,4,'choice'),(122,10,8,'我害怕被拒绝','从不','偶尔','经常','总是',1,2,3,4,'choice'),(123,10,9,'我经常因为社交而焦虑','从不','偶尔','经常','总是',1,2,3,4,'choice'),(124,10,10,'我宁愿一个人待着','从不','偶尔','经常','总是',1,2,3,4,'choice'),(125,10,11,'我担心别人对我的评价','从不','偶尔','经常','总是',1,2,3,4,'choice'),(126,10,12,'在社交后我会反复回想自己的表现','从不','偶尔','经常','总是',1,2,3,4,'choice'),(127,11,1,'我和身边的人关系融洽','从不','偶尔','经常','总是',1,2,3,4,'choice'),(128,11,2,'我觉得自己不被理解','从不','偶尔','经常','总是',1,2,3,4,'choice'),(129,11,3,'我容易信任别人','从不','偶尔','经常','总是',1,2,3,4,'choice'),(130,11,4,'我很难主动表达自己的感受','从不','偶尔','经常','总是',1,2,3,4,'choice'),(131,11,5,'我经常和身边的人发生冲突','从不','偶尔','经常','总是',1,2,3,4,'choice'),(132,11,6,'我觉得身边的人很支持我','从不','偶尔','经常','总是',1,2,3,4,'choice'),(133,11,7,'我有可以倾诉的朋友','从不','偶尔','经常','总是',1,2,3,4,'choice'),(134,11,8,'我经常感到孤独','从不','偶尔','经常','总是',1,2,3,4,'choice'),(135,11,9,'我觉得自己不被需要','从不','偶尔','经常','总是',1,2,3,4,'choice'),(136,11,10,'我对自己的人际关系感到满意','从不','偶尔','经常','总是',1,2,3,4,'choice'),(137,11,11,'我容易原谅别人','从不','偶尔','经常','总是',1,2,3,4,'choice'),(138,11,12,'我愿意主动维护人际关系','从不','偶尔','经常','总是',1,2,3,4,'choice'),(139,12,1,'当我遇到困难时有人可以求助','从不','偶尔','经常','总是',1,2,3,4,'choice'),(140,12,2,'我觉得身边的人关心我','从不','偶尔','经常','总是',1,2,3,4,'choice'),(141,12,3,'我有人可以分享快乐和烦恼','从不','偶尔','经常','总是',1,2,3,4,'choice'),(142,12,4,'家人能够理解我的感受','从不','偶尔','经常','总是',1,2,3,4,'choice'),(143,12,5,'朋友愿意倾听我的问题','从不','偶尔','经常','总是',1,2,3,4,'choice'),(144,12,6,'我在需要帮助时能找到人','从不','偶尔','经常','总是',1,2,3,4,'choice'),(145,12,7,'我觉得自己不属于任何群体','从不','偶尔','经常','总是',1,2,3,4,'choice'),(146,12,8,'我有人可以一起吃饭聊天','从不','偶尔','经常','总是',1,2,3,4,'choice'),(147,12,9,'当我情绪低落时有人安慰我','从不','偶尔','经常','总是',1,2,3,4,'choice'),(148,12,10,'我在遇到困难时不会独自承受','从不','偶尔','经常','总是',1,2,3,4,'choice'),(149,12,11,'我觉得自己是有依靠的','从不','偶尔','经常','总是',1,2,3,4,'choice'),(150,12,12,'我愿意主动向他人寻求帮助','从不','偶尔','经常','总是',1,2,3,4,'choice'),(151,13,1,'我对自己缺乏信心','从不','偶尔','经常','总是',1,2,3,4,'choice'),(152,13,2,'我经常否定自己','从不','偶尔','经常','总是',1,2,3,4,'choice'),(153,13,3,'我认为自己不够优秀','从不','偶尔','经常','总是',1,2,3,4,'choice'),(154,13,4,'我觉得自己有价值','从不','偶尔','经常','总是',1,2,3,4,'choice'),(155,13,5,'我经常和别人比较','从不','偶尔','经常','总是',1,2,3,4,'choice'),(156,13,6,'我能接受自己的缺点','从不','偶尔','经常','总是',1,2,3,4,'choice'),(157,13,7,'我在意别人对我的看法','从不','偶尔','经常','总是',1,2,3,4,'choice'),(158,13,8,'我为自己感到骄傲','从不','偶尔','经常','总是',1,2,3,4,'choice'),(159,13,9,'我经常觉得自己不如别人','从不','偶尔','经常','总是',1,2,3,4,'choice'),(160,13,10,'我能看到自己的优点','从不','偶尔','经常','总是',1,2,3,4,'choice'),(161,13,11,'我对自己挺满意的','从不','偶尔','经常','总是',1,2,3,4,'choice'),(162,13,12,'我相信自己能做好很多事情','从不','偶尔','经常','总是',1,2,3,4,'choice'),(163,14,1,'我能在压力下保持冷静','从不','偶尔','经常','总是',1,2,3,4,'choice'),(164,14,2,'遇到挫折我能很快恢复','从不','偶尔','经常','总是',1,2,3,4,'choice'),(165,14,3,'我容易因为失败而放弃','从不','偶尔','经常','总是',1,2,3,4,'choice'),(166,14,4,'我能从困难中学到经验','从不','偶尔','经常','总是',1,2,3,4,'choice'),(167,14,5,'我面对挑战时会积极应对','从不','偶尔','经常','总是',1,2,3,4,'choice'),(168,14,6,'我经常因为小事而崩溃','从不','偶尔','经常','总是',1,2,3,4,'choice'),(169,14,7,'我相信困难都是暂时的','从不','偶尔','经常','总是',1,2,3,4,'choice'),(170,14,8,'我有能力解决遇到的问题','从不','偶尔','经常','总是',1,2,3,4,'choice'),(171,14,9,'我容易陷入消极情绪走不出来','从不','偶尔','经常','总是',1,2,3,4,'choice'),(172,14,10,'在压力下我的表现反而更好','从不','偶尔','经常','总是',1,2,3,4,'choice'),(173,14,11,'我能灵活应对计划外的变化','从不','偶尔','经常','总是',1,2,3,4,'choice'),(174,14,12,'我在挫折后能重新振作起来','从不','偶尔','经常','总是',1,2,3,4,'choice'),(175,15,1,'我对现在的生活感到满意','从不','偶尔','经常','总是',1,2,3,4,'choice'),(176,15,2,'我觉得自己的日子过得有意义','从不','偶尔','经常','总是',1,2,3,4,'choice'),(177,15,3,'我每天都有值得期待的事','从不','偶尔','经常','总是',1,2,3,4,'choice'),(178,15,4,'我对未来充满希望','从不','偶尔','经常','总是',1,2,3,4,'choice'),(179,15,5,'我觉得自己很幸福','从不','偶尔','经常','总是',1,2,3,4,'choice'),(180,15,6,'我的生活是我想要的样子','从不','偶尔','经常','总是',1,2,3,4,'choice'),(181,15,7,'我经常感到快乐','从不','偶尔','经常','总是',1,2,3,4,'choice'),(182,15,8,'我觉得自己的生活丰富多彩','从不','偶尔','经常','总是',1,2,3,4,'choice'),(183,15,9,'我对自己的人生方向感到满意','从不','偶尔','经常','总是',1,2,3,4,'choice'),(184,15,10,'我能享受生活中的小确幸','从不','偶尔','经常','总是',1,2,3,4,'choice'),(185,15,11,'我对自己的成长感到满足','从不','偶尔','经常','总是',1,2,3,4,'choice'),(186,15,12,'我相信明天会更好','从不','偶尔','经常','总是',1,2,3,4,'choice');
/*!40000 ALTER TABLE `assessment_question` ENABLE KEYS */;
UNLOCK TABLES;

--
-- Table structure for table `assessment_record`
--

DROP TABLE IF EXISTS `assessment_record`;
/*!40101 SET @saved_cs_client     = @@character_set_client */;
/*!50503 SET character_set_client = utf8mb4 */;
CREATE TABLE `assessment_record` (
  `id` bigint NOT NULL AUTO_INCREMENT,
  `user_id` bigint NOT NULL,
  `assessment_id` bigint NOT NULL,
  `total_score` int DEFAULT NULL,
  `level` varchar(20) COLLATE utf8mb4_unicode_ci DEFAULT NULL,
  `suggestion` text COLLATE utf8mb4_unicode_ci,
  `submit_time` datetime DEFAULT NULL,
  PRIMARY KEY (`id`)
) ENGINE=InnoDB AUTO_INCREMENT=33 DEFAULT CHARSET=utf8mb4 COLLATE=utf8mb4_unicode_ci COMMENT='评估记录';
/*!40101 SET character_set_client = @saved_cs_client */;

--
-- Dumping data for table `assessment_record`
--

LOCK TABLES `assessment_record` WRITE;
/*!40000 ALTER TABLE `assessment_record` DISABLE KEYS */;
INSERT INTO `assessment_record` VALUES (2,14,12,28,'mild','本次测评得分28分，等级：mild。建议持续关注自身状态。','2026-05-07 00:00:00'),(3,35,14,28,'mild','本次测评得分28分，等级：mild。建议持续关注自身状态。','2026-05-04 00:00:00'),(4,35,1,21,'normal','本次测评得分21分，等级：normal。建议持续关注自身状态。','2026-05-08 00:00:00'),(5,35,15,46,'severe','本次测评得分46分，等级：severe。建议持续关注自身状态。','2026-05-18 00:00:00'),(6,37,7,42,'severe','本次测评得分42分，等级：severe。建议持续关注自身状态。','2026-05-13 00:00:00'),(7,2,1,34,'moderate','本次测评得分34分，等级：moderate。建议持续关注自身状态。','2026-05-07 00:00:00'),(8,36,11,30,'mild','本次测评得分30分，等级：mild。建议持续关注自身状态。','2026-05-11 00:00:00'),(9,14,2,27,'mild','得分27分','2026-05-10 00:00:00'),(10,14,13,27,'mild','得分27分','2026-05-01 00:00:00'),(11,35,9,37,'moderate','得分37分','2026-05-18 00:00:00'),(12,35,5,44,'severe','得分44分','2026-05-17 00:00:00'),(13,35,4,32,'mild','得分32分','2026-05-13 00:00:00'),(14,35,1,36,'moderate','得分36分','2026-05-23 00:00:00'),(15,37,10,30,'mild','得分30分','2026-05-12 00:00:00'),(16,37,12,44,'severe','得分44分','2026-05-10 00:00:00'),(17,37,2,26,'mild','得分26分','2026-05-02 00:00:00'),(18,37,8,23,'normal','得分23分','2026-05-16 00:00:00'),(19,2,10,33,'moderate','得分33分','2026-04-30 00:00:00'),(20,2,11,30,'mild','得分30分','2026-05-03 00:00:00'),(21,2,7,31,'mild','得分31分','2026-05-14 00:00:00'),(22,36,9,38,'moderate','得分38分','2026-05-01 00:00:00'),(23,36,13,27,'mild','得分27分','2026-05-17 00:00:00'),(24,36,13,35,'moderate','得分35分','2026-05-01 00:00:00'),(25,38,14,41,'severe','得分41分','2026-05-22 00:00:00'),(26,38,14,26,'mild','得分26分','2026-05-13 00:00:00'),(27,38,9,32,'mild','得分32分','2026-05-05 00:00:00'),(28,38,2,42,'severe','得分42分','2026-04-29 00:00:00'),(29,39,10,28,'mild','得分28分','2026-05-08 00:00:00'),(30,39,13,22,'normal','得分22分','2026-05-10 00:00:00'),(31,39,10,22,'normal','得分22分','2026-04-29 00:00:00'),(32,39,5,22,'normal','得分22分','2026-05-04 00:00:00');
/*!40000 ALTER TABLE `assessment_record` ENABLE KEYS */;
UNLOCK TABLES;

--
-- Table structure for table `chat_message`
--

DROP TABLE IF EXISTS `chat_message`;
/*!40101 SET @saved_cs_client     = @@character_set_client */;
/*!50503 SET character_set_client = utf8mb4 */;
CREATE TABLE `chat_message` (
  `id` bigint unsigned NOT NULL AUTO_INCREMENT COMMENT '主键',
  `session_id` bigint unsigned NOT NULL COMMENT '会话ID',
  `sender_role` enum('USER','ASSISTANT','SYSTEM') COLLATE utf8mb4_unicode_ci NOT NULL COMMENT '发送方角色',
  `content` mediumtext COLLATE utf8mb4_unicode_ci NOT NULL COMMENT '消息内容',
  `create_time` datetime NOT NULL DEFAULT CURRENT_TIMESTAMP COMMENT '创建时间',
  `update_time` datetime NOT NULL DEFAULT CURRENT_TIMESTAMP ON UPDATE CURRENT_TIMESTAMP COMMENT '更新时间',
  PRIMARY KEY (`id`),
  KEY `idx_chat_message_session_id` (`session_id`),
  KEY `idx_chat_message_create_time` (`create_time`),
  CONSTRAINT `fk_chat_message_session` FOREIGN KEY (`session_id`) REFERENCES `chat_session` (`id`) ON DELETE CASCADE
) ENGINE=InnoDB AUTO_INCREMENT=79 DEFAULT CHARSET=utf8mb4 COLLATE=utf8mb4_unicode_ci COMMENT='会话消息';
/*!40101 SET character_set_client = @saved_cs_client */;

--
-- Dumping data for table `chat_message`
--

LOCK TABLES `chat_message` WRITE;
/*!40000 ALTER TABLE `chat_message` DISABLE KEYS */;
INSERT INTO `chat_message` VALUES (1,1,'USER','最近加班很多，感觉很烦躁，不知道怎么调节。','2026-05-07 23:17:02','2026-05-07 23:17:02'),(2,1,'ASSISTANT','可以先试试每天留出15分钟只做让自己放松的小事，例如深呼吸或散步。你愿意说说最近一次烦躁的具体情境吗？','2026-05-07 23:17:02','2026-05-07 23:17:02'),(3,1,'USER','主要是周末也被消息打断，没法休息。','2026-05-07 23:17:02','2026-05-07 23:17:02'),(4,2,'USER','我连续一周入睡困难。','2026-05-07 23:17:02','2026-05-07 23:17:02'),(5,2,'ASSISTANT','入睡困难很常见。我们可以从作息节律入手：固定起床时间、睡前一小时减少屏幕刺激。需要的话我可以和你一起列一个简单的睡前清单。','2026-05-07 23:17:02','2026-05-07 23:17:02'),(6,3,'USER','I feel anxious these days','2026-05-10 21:21:23','2026-05-10 21:21:23'),(7,3,'ASSISTANT','你的感受值得被重视。想听听我的一些建议吗？','2026-05-10 21:21:23','2026-05-10 21:21:23'),(8,4,'USER','我好伤心 作业写不完看','2026-05-10 21:27:07','2026-05-10 21:27:06'),(9,4,'ASSISTANT','抱抱你，一切都会慢慢好起来的。你现在不是一个人。','2026-05-10 21:27:07','2026-05-10 21:27:06'),(10,5,'USER','hello','2026-05-10 22:46:01','2026-05-10 22:46:00'),(11,5,'ASSISTANT','我理解你现在的心情。有时候说出来就会好很多。','2026-05-10 22:46:01','2026-05-10 22:46:00'),(12,6,'USER','I feel anxious lately, cannot sleep well','2026-05-10 23:02:58','2026-05-10 23:02:57'),(13,6,'ASSISTANT','听到你最近感到焦虑和睡不好，我心里很关心你。这种状态一定让你很疲惫吧？有时候，我们的身体和情绪会像这样发出信号，提醒我们需要停下来看看自己。你愿意和我多说说，是什么事情让你感到焦虑，或者这些感觉是从什么时候开始的吗？我在这里陪着你，慢慢说就好。','2026-05-10 23:03:01','2026-05-10 23:03:00'),(14,6,'USER','I feel like I want to end my life','2026-05-10 23:03:17','2026-05-10 23:03:17'),(15,6,'ASSISTANT','听到你这样说，我心里非常难受。我能感受到你现在一定承受着巨大的痛苦，才会产生这样的想法。你的感受是真实的，也值得被认真对待。请先深呼吸一下，试着感受此刻的呼吸，我就在这里陪着你，不会离开。你愿意和我多说一说，是什么让你感到如此绝望吗？【危机预警：建议拨打心理援助热线 400-161-9995】','2026-05-10 23:03:24','2026-05-10 23:03:23'),(16,6,'USER','I feel like I want to end my life','2026-05-10 23:03:24','2026-05-10 23:03:23'),(17,6,'ASSISTANT','我听到了你内心的痛苦，也感受到你正在经历非常艰难的时刻。请相信，你此刻的情绪是被理解的，你并不孤单。每个人的生命都值得被珍视，包括你的。你愿意和我多说说是什么让你感到如此绝望吗？我会在这里陪着你。\n\n【危机预警：建议拨打心理援助热线 400-161-9995】','2026-05-10 23:03:26','2026-05-10 23:03:26'),(18,7,'USER','你好','2026-05-10 23:05:27','2026-05-10 23:05:26'),(19,7,'ASSISTANT','你好呀，我是心聆。很高兴你愿意和我聊聊。无论你此刻是开心、疲惫，还是心里有些话想说，我都愿意安静地听你说。你最近过得怎么样？','2026-05-10 23:05:28','2026-05-10 23:05:28'),(20,7,'USER','我好困 我好累 可是我自己没写完','2026-05-10 23:05:43','2026-05-10 23:05:42'),(21,7,'ASSISTANT','听到你这样说，我能感受到你真的很疲惫。身体在向你发出信号，需要休息了。有时候，我们越是逼迫自己，反而越难集中精力。不如先停下来，给自己几分钟深呼吸，喝杯温水，让大脑和身体都缓一缓。任务可以稍后再继续，但你的健康和情绪才是最重要的。你愿意和我聊聊是什么让你这么坚持要完成它吗？','2026-05-10 23:05:45','2026-05-10 23:05:45'),(22,7,'USER','我想拿高分','2026-05-10 23:06:01','2026-05-10 23:06:00'),(23,7,'ASSISTANT','听起来你对自己有很高的要求，也付出了很多努力，这真的很棒。不过，追求高分的过程中，有没有感到压力很大或者有点焦虑呢？有时候，我们太专注于结果，反而会忽略了过程中的成长。你最近在准备什么考试或任务吗？可以和我聊聊你的感受，我会一直在这里支持你。','2026-05-10 23:06:03','2026-05-10 23:06:02'),(24,7,'USER','我想去好学校','2026-05-10 23:06:13','2026-05-10 23:06:12'),(25,7,'ASSISTANT','我能感受到你对未来有着很高的期待和追求，想要去好学校说明你对自己有要求，也愿意努力去争取更好的机会，这真的很棒。不过，有时候这种压力可能会让你感到焦虑或不安，对吗？能不能和我聊聊，是什么让你对“好学校”这么在意呢？我愿意听你说说。','2026-05-10 23:06:15','2026-05-10 23:06:14'),(26,8,'USER','我不想学习了','2026-05-10 23:08:15','2026-05-10 23:08:14'),(27,8,'ASSISTANT','我能感受到你现在对学习感到有些疲惫和压力，这种情绪是很正常的。学习路上偶尔会有低谷，重要的是你愿意表达出来，这本身就是一种勇气。  \n也许可以试着给自己一点喘息的时间，比如深呼吸几次，或者短暂地做点喜欢的事。你愿意和我说说，是最近的学习任务特别繁重，还是有什么具体的事情让你感到困扰吗？','2026-05-10 23:08:17','2026-05-10 23:08:16'),(28,8,'USER','我讨厌课设','2026-05-10 23:08:22','2026-05-10 23:08:21'),(29,8,'ASSISTANT','听到你这么说，我能感受到你现在的压力和疲惫。课设确实常常让人感到烦躁，尤其是当任务繁重、时间紧张的时候。这种情绪是很正常的，你并不孤单。可以试着和我聊聊，具体是哪一部分让你觉得特别难受吗？也许说出来会让心里轻松一些。','2026-05-10 23:08:30','2026-05-10 23:08:29'),(30,9,'USER','我好想死','2026-05-10 23:16:43','2026-05-10 23:16:43'),(31,9,'ASSISTANT','听到你这样说，我心里很难过。你愿意把这些感受告诉我，说明你信任我，也说明你内心还存着一丝希望。这种痛苦一定压得你很重，我在这里，不会评判你，只想陪你一起看看，是什么让你这么难受。你愿意和我多说一点吗？【危机预警：建议拨打心理援助热线 400-161-9995】\n\n【危机预警：建议拨打心理援助热线 400-161-9995】','2026-05-10 23:16:45','2026-05-10 23:16:45'),(32,10,'USER','快期末了，我感觉好焦虑，怕挂科','2026-05-06 19:00:00','2026-05-11 00:10:44'),(33,10,'ASSISTANT','听到你为期末考试感到焦虑，我完全理解。期末周确实压力很大，不过你已经意识到了这个问题，这就是很好的第一步。可以跟我说说，是哪一科让你最担心吗？','2026-05-06 19:00:30','2026-05-11 00:10:44'),(34,10,'USER','高数，我高数上期就考得不太好','2026-05-06 19:01:00','2026-05-11 00:10:44'),(35,10,'ASSISTANT','高数确实是一门需要花时间的课程。我建议你可以试试：1. 先把往年真题过一遍，了解题型；2. 找班上高数学得好的同学一起复习；3. 每天固定1-2小时专攻高数，不要临时抱佛脚。你平时有去问老师或助教吗？','2026-05-06 19:02:00','2026-05-11 00:10:44'),(36,10,'USER','还没有，有点不敢问','2026-05-06 19:02:30','2026-05-11 00:10:44'),(37,10,'ASSISTANT','不用害怕问问题哦，老师其实很欢迎学生去请教。你可以先把不会的题目整理好，一次性去问，这样效率更高。记住，求助不是软弱，而是对自己的学习负责。加油，我相信你可以的！','2026-05-06 19:03:00','2026-05-11 00:10:44'),(38,11,'USER','感觉和室友有点合不来，他们喜欢打游戏到很晚，我想早睡','2026-05-08 21:30:00','2026-05-11 00:10:44'),(39,11,'ASSISTANT','宿舍作息不一致确实是个很让人困扰的问题。你有和室友聊过这件事吗？有时候大家只是不知道你的习惯，好好沟通可能会有意想不到的效果。','2026-05-08 21:31:00','2026-05-11 00:10:44'),(40,11,'ASSISTANT','你也可以提议一些折中的办法，比如约定晚上11点后戴耳机、调暗屏幕。如果沟通后还是没有改善，也可以和辅导员反映，申请调换宿舍。你的睡眠和健康是最重要的。','2026-05-08 21:32:00','2026-05-11 00:10:44'),(41,12,'USER','我不想做课设了','2026-05-11 00:19:29','2026-05-11 00:19:28'),(42,12,'ASSISTANT','听起来你现在对课设感到有些疲惫和无力，这很正常，面对繁重的任务时，偶尔有这样的情绪是可以理解的。你愿意和我聊聊具体是哪里让你觉得特别困难吗？也许说出来，心里会轻松一些。我会一直在这里听你倾诉的。','2026-05-11 00:19:31','2026-05-11 00:19:31'),(43,12,'USER','我想睡觉','2026-05-11 00:19:35','2026-05-11 00:19:35'),(44,12,'ASSISTANT','听起来你现在很疲惫，想要好好休息一下了。睡眠是身体和心灵修复的重要时刻，能意识到这一点已经很棒了。如果你愿意，可以试着闭上眼睛，深呼吸几次，感受一下身体的放松。有什么特别的事情让你感到累吗？或者，有没有什么烦恼在脑海里盘旋，让你难以安心入睡？我在这里陪着你。','2026-05-11 00:19:37','2026-05-11 00:19:37'),(45,13,'USER','想死','2026-05-11 00:24:30','2026-05-11 00:24:30'),(46,13,'ASSISTANT','我听到你这么说，心里很担心你。你愿意和我说说，是什么让你感到这么痛苦和绝望吗？我在这里，会耐心听你讲，不会评判你。你并不孤单，我们可以一起慢慢梳理这些情绪。\n\n【危机预警：建议拨打心理援助热线 400-161-9995】\n\n【危机预警：建议拨打心理援助热线 400-161-9995】','2026-05-11 00:24:32','2026-05-11 00:24:31'),(47,13,'USER','一起死吧','2026-05-11 00:24:35','2026-05-11 00:24:35'),(48,13,'ASSISTANT','我听到你这句话，心里很担心你。你现在一定非常痛苦，才会说出这样的话。我在这里陪着你，愿意听你说说发生了什么。你不需要一个人承受这些。可以告诉我，是什么让你感到这么绝望吗？','2026-05-11 00:24:37','2026-05-11 00:24:36'),(49,13,'USER','你回复的慢吗','2026-05-11 00:31:10','2026-05-11 00:31:10'),(50,13,'ASSISTANT','亲爱的，别担心，我会一直在你身边，认真听你说的每一句话。可能我需要一点时间来思考如何更好地回应你，但绝不会让你等太久。你现在感觉怎么样？有什么想和我聊聊的吗？我在这里，随时都愿意倾听你的心声。','2026-05-11 00:31:12','2026-05-11 00:31:11'),(55,12,'USER','我总是感觉很困','2026-05-21 23:28:07','2026-05-21 23:28:06'),(56,12,'ASSISTANT','听起来你最近真的被这种持续的困倦感困扰着，这一定让你感到有些疲惫和无助。我会在这里陪着你，慢慢聊聊这种感觉。你能告诉我，这种困倦感是最近才开始的，还是已经持续了一段时间呢？有没有什么特别的事情发生，或者你感觉生活中有什么变化？','2026-05-21 23:28:10','2026-05-21 23:28:09'),(57,12,'USER','持续一周了','2026-05-21 23:28:36','2026-05-21 23:28:36'),(58,12,'ASSISTANT','看到你提到已经持续一周了，我能感受到这段时间对你来说可能有些艰难。愿意告诉我这一周里，你主要经历了什么样的情绪或事情吗？无论是疲惫、低落，还是其他感受，我都在这里陪着你，慢慢说也没关系。','2026-05-21 23:28:38','2026-05-21 23:28:37'),(59,12,'USER','晚上失眠','2026-05-21 23:28:58','2026-05-21 23:28:57'),(60,12,'ASSISTANT','听到你正在经历失眠的困扰，我能感受到那种翻来覆去却无法入睡的疲惫感。夜晚的寂静有时会放大我们的思绪，让人感到孤单或焦虑。你愿意和我聊聊最近是不是有什么事情在困扰你吗？有时候，把心里的包袱说出来，可能会让夜晚变得轻松一些。','2026-05-21 23:28:59','2026-05-21 23:28:58'),(61,12,'USER','我也收不上来','2026-05-21 23:29:16','2026-05-21 23:29:15'),(62,12,'ASSISTANT','我能感受到你现在的心情有些低落，好像有些事情让你感到疲惫或困惑。没关系，我在这里陪着你，你可以慢慢说，不用着急。有时候，把心里的感受说出来，哪怕只是一点点，也会让心情轻松一些。你想和我聊聊最近发生了什么吗？','2026-05-21 23:29:21','2026-05-21 23:29:20'),(63,13,'USER','你好','2026-05-23 21:06:01','2026-05-23 21:06:01'),(64,13,'ASSISTANT','你好呀，很高兴你愿意和我聊聊天。我是心聆，一个温暖的小助手。今天你感觉怎么样？有什么想和我分享的吗？无论是什么，我都会在这里安静地陪着你，听你说。','2026-05-23 21:06:04','2026-05-23 21:06:03'),(65,13,'USER','现在可以聊天吗','2026-05-23 21:06:12','2026-05-23 21:06:11'),(66,13,'ASSISTANT','当然可以，我在这里陪着你呢。无论你想聊什么，我都会认真倾听。你最近过得怎么样？有什么想和我分享的吗？','2026-05-23 21:06:13','2026-05-23 21:06:12'),(67,13,'USER','最近作业好多','2026-05-23 21:06:30','2026-05-23 21:06:29'),(68,13,'ASSISTANT','听起来你最近压力很大呢。面对堆积如山的作业，感到疲惫是很正常的。你已经很努力了，不妨先深呼吸一下，给自己一点喘息的空间。要不要试着把任务拆分成小步骤，一点点完成？或者先休息10分钟，喝杯温水，再继续。你愿意和我多说一说，是哪一科的作业让你最困扰吗？','2026-05-23 21:06:32','2026-05-23 21:06:31'),(69,19,'USER','我最近有点焦虑，想找人聊聊。','2026-05-24 13:03:16','2026-05-24 13:03:15'),(70,19,'ASSISTANT','听到你愿意分享自己的感受，我真的很欣慰。焦虑是一种很常见的情绪，很多人都曾经历过。能告诉我最近是什么事情让你感到焦虑吗？我会静静地陪着你，听你说。','2026-05-24 13:03:18','2026-05-24 13:03:18'),(71,19,'USER','我想死','2026-05-24 13:54:01','2026-05-24 13:54:00'),(72,19,'ASSISTANT','听到你这么说，我感到很心疼。你愿意把这些话告诉我，说明你心里一定很痛苦，也对我有一份信任。我想告诉你，你并不孤单，有些时候，黑暗会让我们看不到出口，但那些情绪只是暂时的。你值得被倾听、被理解。能和我多说说，最近发生了什么让你感到这样难过的吗？我在这里陪着你。  \n\n【危机预警：建议拨打心理援助热线 400-161-9995】\n\n【危机预警：建议拨打心理援助热线 400-161-9995】','2026-05-24 13:54:03','2026-05-24 13:54:02'),(73,20,'USER','我觉得最近有点累','2026-05-24 14:29:56','2026-05-24 14:29:55'),(74,20,'ASSISTANT','听到你这么说，我能感受到你最近可能承受了不少压力。疲惫不仅仅是身体上的，有时也是一种情绪上的负担。你愿意和我聊聊，是什么让你觉得特别累吗？无论是工作、学习，还是生活中的琐事，我都在这里陪着你。记得，适当的休息和放松也很重要，给自己一点时间去倾听内心的声音。','2026-05-24 14:29:59','2026-05-24 14:29:59'),(75,20,'USER','经常觉得画的画不好看想撕掉','2026-05-24 14:30:28','2026-05-24 14:30:28'),(76,20,'ASSISTANT','我能感受到你对自己作品的高要求，这种想要追求完美的感觉其实很常见。画画是一种表达，而不是一场考试哦。每一笔、每一划都是你当下的心情和努力，它们本身就很有价值。试着把“不好看”换成“还在成长”，给自己一些空间去探索和尝试。你愿意和我聊聊，是哪一部分让你觉得特别不满意吗？','2026-05-24 14:30:32','2026-05-24 14:30:32'),(77,20,'USER','好崩溃啊','2026-05-24 14:33:35','2026-05-24 14:33:35'),(78,20,'ASSISTANT','听到你这么说，我能感受到你现在的情绪一定很沉重。生活中总会有让人喘不过气的时刻，你愿意把这份感受说出来，已经是很勇敢的一步了。可以告诉我，是什么让你感到这么崩溃吗？我会在这里陪着你。\n\n【危机预警：建议拨打心理援助热线 400-161-9995】','2026-05-24 14:33:37','2026-05-24 14:33:37');
/*!40000 ALTER TABLE `chat_message` ENABLE KEYS */;
UNLOCK TABLES;

--
-- Table structure for table `chat_session`
--

DROP TABLE IF EXISTS `chat_session`;
/*!40101 SET @saved_cs_client     = @@character_set_client */;
/*!50503 SET character_set_client = utf8mb4 */;
CREATE TABLE `chat_session` (
  `id` bigint unsigned NOT NULL AUTO_INCREMENT COMMENT '主键',
  `user_id` bigint unsigned NOT NULL COMMENT '用户ID',
  `title` varchar(128) COLLATE utf8mb4_unicode_ci DEFAULT NULL COMMENT '会话标题',
  `status` varchar(32) COLLATE utf8mb4_unicode_ci NOT NULL DEFAULT 'ACTIVE' COMMENT '状态：ACTIVE/CLOSED',
  `create_time` datetime NOT NULL DEFAULT CURRENT_TIMESTAMP COMMENT '创建时间',
  `update_time` datetime NOT NULL DEFAULT CURRENT_TIMESTAMP ON UPDATE CURRENT_TIMESTAMP COMMENT '更新时间',
  PRIMARY KEY (`id`),
  KEY `idx_chat_session_user_id` (`user_id`),
  CONSTRAINT `fk_chat_session_user` FOREIGN KEY (`user_id`) REFERENCES `user` (`id`) ON DELETE CASCADE
) ENGINE=InnoDB AUTO_INCREMENT=22 DEFAULT CHARSET=utf8mb4 COLLATE=utf8mb4_unicode_ci COMMENT='对话会话';
/*!40101 SET character_set_client = @saved_cs_client */;

--
-- Dumping data for table `chat_session`
--

LOCK TABLES `chat_session` WRITE;
/*!40000 ALTER TABLE `chat_session` DISABLE KEYS */;
INSERT INTO `chat_session` VALUES (1,2,'情绪疏导 - 工作压力','ACTIVE','2026-05-07 23:17:02','2026-05-07 23:17:02'),(2,3,'睡眠困扰咨询','CLOSED','2026-05-07 23:17:02','2026-05-07 23:17:02'),(3,1,'I feel anxious these...','ACTIVE','2026-05-10 21:21:07','2026-05-10 21:21:23'),(4,7,'我好伤心 作业写不完看','ACTIVE','2026-05-10 21:26:56','2026-05-10 21:27:07'),(5,7,'hello','ACTIVE','2026-05-10 22:45:57','2026-05-10 22:46:01'),(6,1,'I feel anxious latel...','ACTIVE','2026-05-10 23:02:49','2026-05-10 23:03:26'),(7,7,'你好','ACTIVE','2026-05-10 23:05:24','2026-05-10 23:06:15'),(8,7,'我不想学习了','ACTIVE','2026-05-10 23:08:09','2026-05-10 23:08:30'),(9,7,'我好想死','ACTIVE','2026-05-10 23:16:38','2026-05-10 23:16:45'),(10,14,'期末焦虑怎么办','ACTIVE','2026-05-06 19:00:00','2026-05-06 19:05:00'),(11,14,'和室友相处的小烦恼','ACTIVE','2026-05-08 21:30:00','2026-05-08 21:35:00'),(12,14,'我不想做课设了','DELETED','2026-05-11 00:19:19','2026-05-21 23:29:21'),(13,14,'想死','ACTIVE','2026-05-11 00:24:24','2026-05-23 21:06:32'),(16,14,'新的对话','ACTIVE','2026-05-21 23:27:50','2026-05-21 23:27:50'),(17,14,'新的对话','ACTIVE','2026-05-21 23:30:27','2026-05-21 23:30:27'),(18,5,'新的对话','ACTIVE','2026-05-23 21:11:54','2026-05-23 21:11:54'),(19,35,'我最近有点焦虑，想找人聊聊。','ACTIVE','2026-05-24 00:21:42','2026-05-24 13:54:03'),(20,39,'我觉得最近有点累','ACTIVE','2026-05-24 14:29:02','2026-05-24 14:33:37'),(21,40,'新的对话','ACTIVE','2026-05-24 14:55:39','2026-05-24 14:55:39');
/*!40000 ALTER TABLE `chat_session` ENABLE KEYS */;
UNLOCK TABLES;

--
-- Table structure for table `counselor`
--

DROP TABLE IF EXISTS `counselor`;
/*!40101 SET @saved_cs_client     = @@character_set_client */;
/*!50503 SET character_set_client = utf8mb4 */;
CREATE TABLE `counselor` (
  `id` bigint NOT NULL AUTO_INCREMENT,
  `name` varchar(50) NOT NULL COMMENT '老师姓名',
  `specialty` varchar(200) DEFAULT '' COMMENT '擅长领域',
  `intro` varchar(500) DEFAULT '' COMMENT '简介',
  `enabled` tinyint DEFAULT '1' COMMENT '1=启用 0=停用',
  `created_at` datetime DEFAULT CURRENT_TIMESTAMP,
  `updated_at` datetime DEFAULT CURRENT_TIMESTAMP ON UPDATE CURRENT_TIMESTAMP,
  PRIMARY KEY (`id`)
) ENGINE=InnoDB AUTO_INCREMENT=6 DEFAULT CHARSET=utf8mb4 COLLATE=utf8mb4_0900_ai_ci COMMENT='咨询师表';
/*!40101 SET character_set_client = @saved_cs_client */;

--
-- Dumping data for table `counselor`
--

LOCK TABLES `counselor` WRITE;
/*!40000 ALTER TABLE `counselor` DISABLE KEYS */;
INSERT INTO `counselor` VALUES (1,'张一凡','焦虑管理','擅长处理学业焦虑、考试压力和社交焦虑问题',1,'2026-05-23 22:35:14','2026-05-23 23:28:25'),(2,'徐艳艳','情绪调节','擅长情绪管理、抑郁倾向疏导和人际关系咨询',1,'2026-05-23 22:35:14','2026-05-23 23:28:25'),(3,'丁宁','压力管理','擅长压力应对、时间管理和生涯规划咨询',1,'2026-05-23 22:35:14','2026-05-23 23:28:25'),(5,'李雪梅','情感咨询','',1,'2026-05-23 23:42:02','2026-05-23 23:42:02');
/*!40000 ALTER TABLE `counselor` ENABLE KEYS */;
UNLOCK TABLES;

--
-- Table structure for table `counselor_available_slot`
--

DROP TABLE IF EXISTS `counselor_available_slot`;
/*!40101 SET @saved_cs_client     = @@character_set_client */;
/*!50503 SET character_set_client = utf8mb4 */;
CREATE TABLE `counselor_available_slot` (
  `id` bigint NOT NULL AUTO_INCREMENT,
  `counselor_id` bigint NOT NULL COMMENT '关联 counselor.id',
  `week_day` tinyint NOT NULL DEFAULT '0' COMMENT '1=周一 2=周二 3=周三 4=周四 5=周五 6=周六 7=周日',
  `time_slot` varchar(20) NOT NULL COMMENT '时间段 09:00-10:00',
  `enabled` tinyint DEFAULT '1',
  `created_at` datetime DEFAULT CURRENT_TIMESTAMP,
  PRIMARY KEY (`id`),
  UNIQUE KEY `uk_counselor_week_slot` (`counselor_id`,`week_day`,`time_slot`)
) ENGINE=InnoDB AUTO_INCREMENT=54 DEFAULT CHARSET=utf8mb4 COLLATE=utf8mb4_0900_ai_ci COMMENT='咨询师可预约时间段';
/*!40101 SET character_set_client = @saved_cs_client */;

--
-- Dumping data for table `counselor_available_slot`
--

LOCK TABLES `counselor_available_slot` WRITE;
/*!40000 ALTER TABLE `counselor_available_slot` DISABLE KEYS */;
INSERT INTO `counselor_available_slot` VALUES (21,2,1,'14:00-15:00',1,'2026-05-23 23:32:33'),(22,2,1,'15:00-16:00',1,'2026-05-23 23:32:33'),(23,2,3,'14:00-15:00',1,'2026-05-23 23:32:33'),(24,2,3,'15:00-16:00',1,'2026-05-23 23:32:33'),(25,2,5,'14:00-15:00',1,'2026-05-23 23:32:33'),(26,2,5,'15:00-16:00',1,'2026-05-23 23:32:33'),(27,3,2,'09:00-10:00',1,'2026-05-23 23:32:33'),(28,3,2,'10:00-11:00',1,'2026-05-23 23:32:33'),(29,3,2,'14:00-15:00',1,'2026-05-23 23:32:33'),(30,3,2,'15:00-16:00',1,'2026-05-23 23:32:33'),(31,3,4,'09:00-10:00',1,'2026-05-23 23:32:33'),(32,3,4,'10:00-11:00',1,'2026-05-23 23:32:33'),(33,3,4,'14:00-15:00',1,'2026-05-23 23:32:33'),(34,3,4,'15:00-16:00',1,'2026-05-23 23:32:33'),(35,1,1,'09:00-10:00',1,'2026-05-23 23:39:32'),(36,1,1,'10:00-11:00',1,'2026-05-23 23:39:32'),(37,1,2,'09:00-10:00',1,'2026-05-23 23:39:32'),(38,1,2,'10:00-11:00',1,'2026-05-23 23:39:32'),(39,1,3,'09:00-10:00',1,'2026-05-23 23:39:32'),(40,1,3,'10:00-11:00',1,'2026-05-23 23:39:32'),(41,1,4,'09:00-10:00',1,'2026-05-23 23:39:32'),(42,1,4,'10:00-11:00',1,'2026-05-23 23:39:32'),(43,1,5,'09:00-10:00',1,'2026-05-23 23:39:32'),(44,1,5,'10:00-11:00',1,'2026-05-23 23:39:32'),(45,1,6,'14:00-15:00',1,'2026-05-23 23:39:32'),(46,1,7,'14:00-15:00',1,'2026-05-23 23:39:32'),(47,5,1,'14:00-15:00',1,'2026-05-23 23:42:17'),(48,5,2,'14:00-15:00',1,'2026-05-23 23:42:17'),(49,5,3,'14:00-15:00',1,'2026-05-23 23:42:17'),(50,5,4,'14:00-15:00',1,'2026-05-23 23:42:17'),(51,5,5,'14:00-15:00',1,'2026-05-23 23:42:17'),(52,5,6,'14:00-15:00',1,'2026-05-23 23:42:17'),(53,5,7,'14:00-15:00',1,'2026-05-23 23:42:17');
/*!40000 ALTER TABLE `counselor_available_slot` ENABLE KEYS */;
UNLOCK TABLES;

--
-- Table structure for table `crisis_alert`
--

DROP TABLE IF EXISTS `crisis_alert`;
/*!40101 SET @saved_cs_client     = @@character_set_client */;
/*!50503 SET character_set_client = utf8mb4 */;
CREATE TABLE `crisis_alert` (
  `id` bigint unsigned NOT NULL AUTO_INCREMENT COMMENT '主键',
  `user_id` bigint unsigned NOT NULL COMMENT '用户ID',
  `alert_level` tinyint unsigned NOT NULL DEFAULT '1' COMMENT '预警等级：1低 2中 3高 4紧急',
  `handle_status` enum('PENDING','PROCESSING','RESOLVED','CLOSED') COLLATE utf8mb4_unicode_ci NOT NULL DEFAULT 'PENDING' COMMENT '处理状态',
  `emergency_contact` varchar(64) COLLATE utf8mb4_unicode_ci DEFAULT NULL COMMENT '紧急联系人姓名',
  `emergency_phone` varchar(20) COLLATE utf8mb4_unicode_ci DEFAULT NULL COMMENT '紧急联系人电话',
  `trigger_reason` varchar(512) COLLATE utf8mb4_unicode_ci DEFAULT NULL COMMENT '触发原因说明',
  `handled_by` bigint unsigned DEFAULT NULL COMMENT '处理人用户ID（管理员）',
  `handle_remark` varchar(512) COLLATE utf8mb4_unicode_ci DEFAULT NULL COMMENT '处理备注',
  `guardian_notified` tinyint DEFAULT '0' COMMENT '是否已通知监护人 0-否 1-是',
  `guardian_notify_time` datetime DEFAULT NULL COMMENT '通知时间',
  `guardian_notify_method` varchar(50) COLLATE utf8mb4_unicode_ci DEFAULT NULL COMMENT '通知方式: 电话/微信/面谈',
  `guardian_notify_remark` text COLLATE utf8mb4_unicode_ci COMMENT '通知记录(多次追加)',
  `create_time` datetime NOT NULL DEFAULT CURRENT_TIMESTAMP COMMENT '创建时间',
  `update_time` datetime NOT NULL DEFAULT CURRENT_TIMESTAMP ON UPDATE CURRENT_TIMESTAMP COMMENT '更新时间',
  PRIMARY KEY (`id`),
  KEY `idx_crisis_alert_user_id` (`user_id`),
  KEY `idx_crisis_alert_level` (`alert_level`),
  KEY `idx_crisis_alert_status` (`handle_status`),
  KEY `fk_crisis_alert_handler` (`handled_by`),
  CONSTRAINT `fk_crisis_alert_handler` FOREIGN KEY (`handled_by`) REFERENCES `user` (`id`) ON DELETE SET NULL,
  CONSTRAINT `fk_crisis_alert_user` FOREIGN KEY (`user_id`) REFERENCES `user` (`id`) ON DELETE CASCADE
) ENGINE=InnoDB AUTO_INCREMENT=13 DEFAULT CHARSET=utf8mb4 COLLATE=utf8mb4_unicode_ci COMMENT='危机预警';
/*!40101 SET character_set_client = @saved_cs_client */;

--
-- Dumping data for table `crisis_alert`
--

LOCK TABLES `crisis_alert` WRITE;
/*!40000 ALTER TABLE `crisis_alert` DISABLE KEYS */;
INSERT INTO `crisis_alert` VALUES (1,14,5,'PENDING',NULL,NULL,'AI对话触发预警 | 关键词:活不下去(5级) | AI分析:AI识别为高危(5级) | 情绪分:2.5(4级) | 最终:5级',NULL,NULL,0,NULL,NULL,NULL,'2026-05-21 00:00:00','2026-05-24 13:40:37'),(2,36,5,'PENDING',NULL,NULL,'情绪分触发预警 | 关键词:未命中 | AI分析:-(-) | 情绪分:2.8(4级) | 连续低分:5天 | 最终:5级',NULL,NULL,0,NULL,NULL,NULL,'2026-05-23 00:00:00','2026-05-24 13:40:37'),(3,2,3,'PENDING',NULL,NULL,'日记触发预警 | 关键词:崩溃(3级) | AI分析:AI识别为中危(3级) | 情绪分:4.5(0级) | 最终:3级',NULL,NULL,0,NULL,NULL,NULL,'2026-05-23 00:00:00','2026-05-24 13:40:37'),(4,39,3,'PENDING',NULL,NULL,'AI对话触发预警 | 关键词:未命中 | AI分析:AI识别为中危(3级) | 情绪分:3.5(2级) | 最终:3级',NULL,NULL,0,NULL,NULL,NULL,'2026-05-23 00:00:00','2026-05-24 13:40:37'),(5,5,2,'PENDING',NULL,NULL,'AI对话触发预警 | 关键词:未命中 | AI分析:AI识别为需关注(2级) | 情绪分:5.0(0级) | 最终:2级',NULL,NULL,0,NULL,NULL,NULL,'2026-05-24 00:00:00','2026-05-24 13:40:37'),(6,18,2,'PENDING',NULL,NULL,'日记触发预警 | 关键词:没有意义(2级) | AI分析:AI识别为需关注(2级) | 情绪分:5.5(0级) | 最终:2级',NULL,NULL,0,NULL,NULL,NULL,'2026-05-21 00:00:00','2026-05-24 13:40:37'),(8,14,5,'PENDING',NULL,NULL,'日记触发预警 | 关键词:活不下去(5级) | AI分析:已跳过(高危关键词直接触发)(0级) | 情绪分:5.0(0级) | 最终:5级 | 原文:我真的活不下去了，太痛苦了',NULL,NULL,0,NULL,NULL,NULL,'2026-05-24 13:51:35','2026-05-24 13:51:35'),(9,14,5,'RESOLVED',NULL,NULL,'日记触发预警 | 关键词:崩溃(3级) | AI分析:AI识别为高危(4级) | 情绪分:5.0(0级) | 最终:5级 | 近24h同类触发1次,已升级 | 原文:最近真的很崩溃，感觉撑不下去了',1,'已处理',1,'2026-05-24 14:19:14','电话','[05-24 14:19] 电话 → 李芳(母亲/13900139000) | 联系成功\n[05-24 14:18] 短信 → 王伟(父亲/13800138000) | 短信未回复\n[05-24 14:18] 电话 → 王伟(父亲/13800138000) | 电话未接通','2026-05-24 13:51:48','2026-05-24 13:51:48'),(10,35,5,'PENDING',NULL,NULL,'AI对话触发预警 | 关键词:想死(5级) | AI分析:已跳过(高危关键词直接触发)(0级) | 情绪分:6.3(0级) | 最终:5级 | 原文:我想死',NULL,NULL,1,'2026-05-24 14:18:14','电话','[05-24 14:18] 电话 → 妍妍(同学/13432135798) | 电话未接通','2026-05-24 13:54:01','2026-05-24 13:54:01'),(11,39,2,'PENDING',NULL,NULL,'AI对话触发预警 | 关键词:未命中 | AI分析:AI识别为轻微(1级) | 情绪分:6.5(0级) | 最终:2级 | 原文:经常觉得画的画不好看想撕掉',NULL,NULL,0,NULL,NULL,NULL,'2026-05-24 14:30:30','2026-05-24 14:30:30'),(12,39,3,'PENDING',NULL,NULL,'AI对话触发预警 | 关键词:崩溃(3级) | AI分析:AI识别为中危(3级) | 情绪分:6.5(0级) | 最终:3级 | 原文:好崩溃啊',NULL,NULL,0,NULL,NULL,NULL,'2026-05-24 14:33:36','2026-05-24 14:33:36');
/*!40000 ALTER TABLE `crisis_alert` ENABLE KEYS */;
UNLOCK TABLES;

--
-- Table structure for table `crisis_keyword`
--

DROP TABLE IF EXISTS `crisis_keyword`;
/*!40101 SET @saved_cs_client     = @@character_set_client */;
/*!50503 SET character_set_client = utf8mb4 */;
CREATE TABLE `crisis_keyword` (
  `id` bigint NOT NULL AUTO_INCREMENT COMMENT '主键',
  `keyword` varchar(50) COLLATE utf8mb4_unicode_ci NOT NULL COMMENT '关键词',
  `risk_level` varchar(10) COLLATE utf8mb4_unicode_ci NOT NULL COMMENT '风险等级: high/mid/low',
  `enabled` tinyint DEFAULT '1' COMMENT '是否启用: 1-启用, 0-禁用',
  `create_time` datetime DEFAULT CURRENT_TIMESTAMP COMMENT '创建时间',
  PRIMARY KEY (`id`),
  UNIQUE KEY `keyword` (`keyword`)
) ENGINE=InnoDB AUTO_INCREMENT=60 DEFAULT CHARSET=utf8mb4 COLLATE=utf8mb4_unicode_ci COMMENT='危机关键词配置表';
/*!40101 SET character_set_client = @saved_cs_client */;

--
-- Dumping data for table `crisis_keyword`
--

LOCK TABLES `crisis_keyword` WRITE;
/*!40000 ALTER TABLE `crisis_keyword` DISABLE KEYS */;
INSERT INTO `crisis_keyword` VALUES (43,'自杀','high',1,'2026-05-24 12:00:41'),(44,'想死','high',1,'2026-05-24 12:00:41'),(45,'活不下去','high',1,'2026-05-24 12:00:41'),(46,'结束生命','high',1,'2026-05-24 12:00:41'),(47,'自残','high',1,'2026-05-24 12:00:41'),(48,'轻生','high',1,'2026-05-24 12:00:41'),(49,'绝望','high',1,'2026-05-24 12:00:41'),(50,'没有活下去的意义','high',1,'2026-05-24 12:00:41'),(51,'崩溃','mid',1,'2026-05-24 12:00:41'),(52,'撑不下去','mid',1,'2026-05-24 12:00:41'),(53,'太痛苦','mid',1,'2026-05-24 12:00:41'),(54,'快疯了','mid',1,'2026-05-24 12:00:41'),(55,'受不了了','mid',1,'2026-05-24 12:00:41'),(56,'需要帮助','mid',1,'2026-05-24 12:00:41'),(57,'没有意义','low',1,'2026-05-24 12:00:41'),(58,'没意思','low',1,'2026-05-24 12:00:41'),(59,'身体不适','low',1,'2026-05-24 12:00:41');
/*!40000 ALTER TABLE `crisis_keyword` ENABLE KEYS */;
UNLOCK TABLES;

--
-- Table structure for table `diary`
--

DROP TABLE IF EXISTS `diary`;
/*!40101 SET @saved_cs_client     = @@character_set_client */;
/*!50503 SET character_set_client = utf8mb4 */;
CREATE TABLE `diary` (
  `id` bigint unsigned NOT NULL AUTO_INCREMENT COMMENT '主键',
  `user_id` bigint unsigned NOT NULL COMMENT '用户ID',
  `title` varchar(100) COLLATE utf8mb4_unicode_ci DEFAULT NULL COMMENT '日记标题',
  `content` mediumtext COLLATE utf8mb4_unicode_ci NOT NULL COMMENT '日记内容',
  `mood_tags` varchar(255) COLLATE utf8mb4_unicode_ci DEFAULT NULL COMMENT '心情标签（可多值，逗号分隔）',
  `emotion_score` decimal(5,2) DEFAULT NULL COMMENT '情感分数（如 -1.00 ~ 1.00 或 0~100）',
  `emotion_tags` varchar(255) COLLATE utf8mb4_unicode_ci DEFAULT NULL COMMENT '情感标签（可多值，逗号分隔）',
  `images` varchar(1000) COLLATE utf8mb4_unicode_ci DEFAULT NULL COMMENT '图片URL列表(逗号分隔)',
  `image_url` varchar(255) COLLATE utf8mb4_unicode_ci DEFAULT NULL COMMENT '单张封面图',
  `create_time` datetime NOT NULL DEFAULT CURRENT_TIMESTAMP COMMENT '创建时间',
  `update_time` datetime NOT NULL DEFAULT CURRENT_TIMESTAMP ON UPDATE CURRENT_TIMESTAMP COMMENT '更新时间',
  PRIMARY KEY (`id`),
  KEY `idx_diary_user_id` (`user_id`),
  KEY `idx_diary_create_time` (`create_time`),
  CONSTRAINT `fk_diary_user` FOREIGN KEY (`user_id`) REFERENCES `user` (`id`) ON DELETE CASCADE
) ENGINE=InnoDB AUTO_INCREMENT=134 DEFAULT CHARSET=utf8mb4 COLLATE=utf8mb4_unicode_ci COMMENT='日记';
/*!40101 SET character_set_client = @saved_cs_client */;

--
-- Dumping data for table `diary`
--

LOCK TABLES `diary` WRITE;
/*!40000 ALTER TABLE `diary` DISABLE KEYS */;
INSERT INTO `diary` VALUES (1,2,NULL,'今天完成了项目阶段性汇报，略有紧张但整体顺利。','平静,期待',72.50,'积极,成就感',NULL,NULL,'2026-05-07 23:17:02','2026-05-07 23:17:02'),(2,2,NULL,'晚上失眠，脑子里一直在想下周的安排。','焦虑,疲惫',38.00,'焦虑,压力',NULL,NULL,'2026-05-07 23:17:02','2026-05-07 23:17:02'),(3,3,NULL,'和朋友散步聊天，心情放松了很多。','放松,愉悦',85.00,'愉悦,社交支持',NULL,NULL,'2026-05-07 23:17:02','2026-05-07 23:17:02'),(4,1,NULL,'Updated content.','calm',NULL,NULL,NULL,NULL,'2026-05-10 20:48:34','2026-05-10 20:48:34'),(5,7,NULL,'哈哈哈哈哈','开心',NULL,NULL,NULL,NULL,'2026-05-10 20:50:42','2026-05-10 20:50:42'),(6,1,NULL,'Test diary entry.','happy',NULL,NULL,NULL,NULL,'2026-05-10 21:02:38','2026-05-10 21:02:38'),(7,1,'Anxious Day','I feel so anxious and worried about everything','焦虑',30.00,NULL,NULL,NULL,'2026-05-10 21:55:44','2026-05-10 21:55:44'),(9,7,NULL,'想死','平静',50.00,NULL,NULL,'/uploads/9ba28976-67dd-4531-b85a-98ee2e9e7be3.jpg','2026-05-10 23:09:44','2026-05-10 23:09:44'),(10,1,'audit','audit check','一般',50.00,NULL,NULL,NULL,'2026-05-10 23:12:45','2026-05-10 23:12:45'),(11,14,'新学期的第一次班会','今天班级开了新学期第一次班会，辅导员讲了这学期的安排。感觉时间过得好快，转眼都大二下学期了。有点焦虑这学期的课程难度，希望自己能跟得上。','焦虑',35.00,NULL,NULL,'/uploads/9ba28976-67dd-4531-b85a-98ee2e9e7be3.jpg','2026-05-04 20:30:00','2026-05-11 00:10:44'),(12,14,'和室友一起打篮球','下午没课，和室友去操场打了两个小时篮球，出了一身汗，感觉整个人都轻松了很多。晚上一起去食堂吃了麻辣香锅，开心！','开心',82.00,NULL,NULL,'/uploads/9ba28976-67dd-4531-b85a-98ee2e9e7be3.jpg','2026-05-05 18:15:00','2026-05-11 00:10:44'),(13,14,'高数作业好难','在图书馆泡了一下午做高数作业，题目好难，卡在一道积分题上好久。周围的同学好像都会做，有点挫败感。不过最后还是解出来了，松了口气。','焦虑',50.00,NULL,NULL,'/uploads/0d5d3639-9db0-4f8b-9ebf-e9195f53aa82.jpg','2026-05-05 21:00:00','2026-05-11 00:10:44'),(14,14,'和爸妈视频通话','晚上和爸妈视频了一个小时，聊了聊最近的生活。妈妈说给我寄了家乡的腊肠，好期待。虽然在学校有时候会觉得孤独，但听到家人的声音就很安心。','平静',50.00,NULL,NULL,'/uploads/7a8b9a64-b401-4f38-a622-f1f26bba872d.png','2026-05-06 20:00:00','2026-05-11 00:10:44'),(15,14,'社团活动圆满成功','作为社团的副部长，今天负责组织了春季招新活动，来了好多新生报名。虽然前前后后忙了整整一周，但看到活动顺利进行，真的很有成就感！','开心',50.00,NULL,NULL,'/uploads/b23fae93-5db3-4225-a8ac-e3f2954a60e7.png','2026-05-07 17:30:00','2026-05-11 00:10:44'),(16,14,'突然想家了','晚上回到宿舍，看到舍友都在各忙各的，突然觉得好想家。翻手机里和家人的合照，眼泪不争气地流下来了。什么时候才能变得更坚强一点呢。','难过',22.00,NULL,NULL,'/uploads/9ba28976-67dd-4531-b85a-98ee2e9e7be3.jpg','2026-05-08 22:10:00','2026-05-11 00:10:44'),(17,14,'期末复习计划','今天制定了期末复习计划表，把剩下一个月的复习时间安排得满满当当的。虽然有点紧张怕时间不够，但有计划总比没有好！加油加油！','平静',60.00,NULL,NULL,'/uploads/9ba28976-67dd-4531-b85a-98ee2e9e7be3.jpg','2026-05-09 16:00:00','2026-05-11 00:10:44'),(18,14,'周末在图书馆自习','周末图书馆人好多，八点来就没位置了，好不容易在三楼角落找到个座。复习了英语和专业课，效率还不错。中午去食堂吃了最爱吃的酸菜鱼，满足~','平静',50.00,NULL,NULL,'/uploads/9ba28976-67dd-4531-b85a-98ee2e9e7be3.jpg','2026-05-10 11:30:00','2026-05-11 00:10:44'),(20,5,NULL,'哈哈哈','开心',50.00,NULL,NULL,NULL,'2026-05-23 21:14:41','2026-05-23 21:14:41'),(21,35,'哈哈哈','哈哈','一般',50.00,NULL,NULL,NULL,'2026-05-24 10:17:37','2026-05-24 10:17:37'),(22,14,'今天很难受','感觉要崩溃了，什么都不想做','悲伤',25.00,NULL,NULL,NULL,'2026-05-24 11:39:24','2026-05-24 11:39:24'),(23,14,'test','真的崩溃了，感觉好累','悲伤',25.00,NULL,NULL,NULL,'2026-05-24 11:43:54','2026-05-24 11:43:54'),(24,14,'test','最近真的好焦虑，晚上睡不着，担心考试','焦虑',30.00,NULL,NULL,NULL,'2026-05-24 11:51:10','2026-05-24 11:51:10'),(25,14,'t1','感觉活不下去了，真的好绝望','悲伤',25.00,NULL,NULL,NULL,'2026-05-24 12:01:57','2026-05-24 12:01:57'),(26,14,'t2','今天很焦虑，担心考试，心情压抑','焦虑',30.00,NULL,NULL,NULL,'2026-05-24 12:01:58','2026-05-24 12:01:58'),(27,14,'t3','今天天气不错，心情很好','一般',50.00,NULL,NULL,NULL,'2026-05-24 12:01:59','2026-05-24 12:01:59'),(28,14,'今天的课好多','今天上了六节课，真的好累。不过下午和同学一起吃了饭，聊聊天心情好多了。',NULL,NULL,NULL,NULL,NULL,'2026-05-12 13:25:00','2026-05-24 13:40:37'),(29,14,'有点焦虑','快要期中考试了，感觉复习不完。晚上睡不着一直在想题目。',NULL,NULL,NULL,NULL,NULL,'2026-05-05 15:45:00','2026-05-24 13:40:37'),(30,14,'开心的一天','今天数据结构课居然答对了老师的问题！被表扬了很开心。',NULL,NULL,NULL,NULL,NULL,'2026-05-06 09:44:00','2026-05-24 13:40:37'),(31,14,'和室友吵架了','因为一点小事和室友闹矛盾了，现在有点后悔，但也不知道怎么开口。',NULL,NULL,NULL,NULL,NULL,'2026-05-04 08:03:00','2026-05-24 13:40:37'),(32,14,'周末放松','周末去操场跑了五圈，流了一身汗，感觉整个人都轻松了。',NULL,NULL,NULL,NULL,NULL,'2026-05-24 12:01:00','2026-05-24 13:40:37'),(33,14,'想家了','离家已经两个月了，有点想妈妈做的饭。打电话回家聊了好久。',NULL,NULL,NULL,NULL,NULL,'2026-05-07 19:25:00','2026-05-24 13:40:37'),(34,14,'今天的感悟','今天听了心理讲座，老师说适当的压力有助于成长。我觉得有道理。',NULL,NULL,NULL,NULL,NULL,'2026-05-12 20:40:00','2026-05-24 13:40:37'),(35,14,'普通的一天','没什么特别的事，上课吃饭写作业，平平淡淡也挺好。',NULL,NULL,NULL,NULL,NULL,'2026-05-09 08:31:00','2026-05-24 13:40:37'),(36,35,'今天心情不错','今天英语演讲表现很好，老师给了很高的评价。努力没有白费！',NULL,NULL,NULL,NULL,NULL,'2026-05-14 09:14:00','2026-05-24 13:40:37'),(37,35,'有点累了','连续三天早起背单词，有点撑不住。今晚早点睡吧。',NULL,NULL,NULL,NULL,NULL,'2026-05-06 22:19:00','2026-05-24 13:40:37'),(38,35,'闺蜜来访','好朋友从隔壁学校过来找我玩，一起逛了校园聊了很多。',NULL,NULL,NULL,NULL,NULL,'2026-05-09 13:01:00','2026-05-24 13:40:37'),(39,35,'学习计划','制定了新的学习计划，希望能坚持下去。加油！',NULL,NULL,NULL,NULL,NULL,'2026-05-14 10:16:00','2026-05-24 13:40:37'),(40,35,'收到礼物','生日收到了朋友送的书，很开心。被人惦记的感觉真好。',NULL,NULL,NULL,NULL,NULL,'2026-05-09 12:07:00','2026-05-24 13:40:37'),(41,35,'下雨天','今天下雨了，一个人在图书馆看了一下午的书，很安静。',NULL,NULL,NULL,NULL,NULL,'2026-05-16 15:45:00','2026-05-24 13:40:37'),(42,35,'运动打卡','今天去健身房练了一个小时，虽然累但很充实。',NULL,NULL,NULL,NULL,NULL,'2026-05-20 16:52:00','2026-05-24 13:40:37'),(43,35,'晚安','每天睡前写日记已经成了习惯，记录生活的小确幸。',NULL,NULL,NULL,NULL,NULL,'2026-05-06 16:19:00','2026-05-24 13:40:37'),(44,36,'压力很大','最近真的压力很大，代码写不出来，晚上睡不着觉。',NULL,NULL,NULL,NULL,NULL,'2026-05-12 12:08:00','2026-05-24 13:40:37'),(45,36,'又一次失眠','凌晨三点还醒着，脑子里全是乱七八糟的想法。',NULL,NULL,NULL,NULL,NULL,'2026-05-23 16:53:00','2026-05-24 13:40:37'),(46,36,'不想上课','今天翘课了，不想见任何人，就想一个人待着。',NULL,NULL,NULL,NULL,NULL,'2026-05-04 21:37:00','2026-05-24 13:40:37'),(47,36,'感觉好点了','今天去看了心理咨询老师，聊完之后感觉轻松了一点点。',NULL,NULL,NULL,NULL,NULL,'2026-05-20 08:51:00','2026-05-24 13:40:37'),(48,36,'谢谢关心','室友发现我不对劲，主动找我聊天。原来还是有人在关心我的。',NULL,NULL,NULL,NULL,NULL,'2026-05-22 09:37:00','2026-05-24 13:40:37'),(49,36,'慢慢来','老师说恢复需要时间，不能急。我试着接受这个状态。',NULL,NULL,NULL,NULL,NULL,'2026-05-23 08:50:00','2026-05-24 13:40:37'),(50,36,'今天出去走了走','在校园里走了一圈，秋天的风很舒服。',NULL,NULL,NULL,NULL,NULL,'2026-05-16 12:10:00','2026-05-24 13:40:37'),(51,36,'记录一下','最近开始吃药了，希望能慢慢好起来。',NULL,NULL,NULL,NULL,NULL,'2026-05-05 11:37:00','2026-05-24 13:40:37'),(52,37,'心理咨询课','今天上了心理咨询课，学到了很多实用的倾听技巧。',NULL,NULL,NULL,NULL,NULL,'2026-05-20 20:11:00','2026-05-24 13:40:37'),(53,37,'帮助同学','有同学来找我倾诉，我很认真地听完了。能帮到别人很开心。',NULL,NULL,NULL,NULL,NULL,'2026-05-20 09:59:00','2026-05-24 13:40:37'),(54,37,'读书笔记','最近在读一本关于心理咨询的书，很受触动。',NULL,NULL,NULL,NULL,NULL,'2026-05-17 10:14:00','2026-05-24 13:40:37'),(55,37,'实习申请','投了一家心理咨询机构的实习，希望能过。',NULL,NULL,NULL,NULL,NULL,'2026-05-05 19:06:00','2026-05-24 13:40:37'),(56,37,'和朋友聚餐','和几个好朋友一起吃了火锅，聊得很开心。',NULL,NULL,NULL,NULL,NULL,'2026-05-17 11:32:00','2026-05-24 13:40:37'),(57,37,'自我反思','今天反思了一下自己的沟通方式，还有很多需要改进的地方。',NULL,NULL,NULL,NULL,NULL,'2026-05-07 21:04:00','2026-05-24 13:40:37'),(58,2,'学习打卡','今天在图书馆待了一整天，把作业写完了。',NULL,NULL,NULL,NULL,NULL,'2026-05-08 22:24:00','2026-05-24 13:40:37'),(59,2,'打球去了','下午和同学打了篮球，出了很多汗，很爽。',NULL,NULL,NULL,NULL,NULL,'2026-05-05 21:33:00','2026-05-24 13:40:37'),(60,2,'周末日常','周末睡了个懒觉，然后去吃了好吃的。',NULL,NULL,NULL,NULL,NULL,'2026-05-17 19:46:00','2026-05-24 13:40:37'),(61,39,'画了新作品','今天完成了一幅水彩画，自己很满意。',NULL,NULL,NULL,NULL,NULL,'2026-05-04 19:16:00','2026-05-24 13:40:37'),(62,39,'灵感来了','走在路上突然有了灵感，赶紧回宿舍画了下来。',NULL,NULL,NULL,NULL,NULL,'2026-05-08 21:06:00','2026-05-24 13:40:37'),(63,39,'被老师表扬了','老师说我的画进步很大，开心！',NULL,NULL,NULL,NULL,NULL,'2026-05-18 11:09:00','2026-05-24 13:40:37'),(64,39,'画画真的能治愈心情','每次心情不好的时候画画就能平静下来。',NULL,NULL,NULL,NULL,NULL,'2026-05-13 15:22:00','2026-05-24 13:40:37'),(65,14,'test','我真的活不下去了，太痛苦了','悲伤',25.00,NULL,NULL,NULL,'2026-05-24 13:51:34','2026-05-24 13:51:34'),(66,14,'test2','最近真的很崩溃，感觉撑不下去了','悲伤',25.00,NULL,NULL,NULL,'2026-05-24 13:51:47','2026-05-24 13:51:47'),(67,14,'数据结构好难','今天数据结构课讲二叉树完全听不懂，课后问了同学才勉强理解',NULL,NULL,NULL,NULL,NULL,'2026-05-22 16:46:00','2026-05-24 14:41:48'),(68,14,'和室友夜聊','晚上熄灯后和室友聊了很多关于未来工作人生，发现大家都很迷茫',NULL,NULL,NULL,NULL,NULL,'2026-05-22 17:21:00','2026-05-24 14:41:48'),(69,14,'期中成绩出来了','高数考了78分比预期好一点，下次要更努力',NULL,NULL,NULL,NULL,NULL,'2026-05-05 10:15:00','2026-05-24 14:41:48'),(70,14,'参加了社团活动','今天参加了编程社团的Hackathon，虽然没拿奖但是学到了很多',NULL,NULL,NULL,NULL,NULL,'2026-05-06 11:12:00','2026-05-24 14:41:48'),(71,14,'周五晚上好开心','和室友一起去吃了烧烤，聊了很多开心的事，大学时光真美好',NULL,NULL,NULL,NULL,NULL,'2026-05-17 11:52:00','2026-05-24 14:41:48'),(72,14,'今天效率很高','在图书馆待了6个小时把作业都写完了，希望每天都能这么高效',NULL,NULL,NULL,NULL,NULL,'2026-05-06 12:51:00','2026-05-24 14:41:48'),(73,35,'英语演讲比赛','今天参加了英语演讲比赛，拿了第三名，老师说我的发音进步很大',NULL,NULL,NULL,NULL,NULL,'2026-05-10 17:44:00','2026-05-24 14:41:48'),(74,35,'图书馆的一天','在图书馆泡了一整天把论文写完了，成就感满满',NULL,NULL,NULL,NULL,NULL,'2026-05-12 10:01:00','2026-05-24 14:41:48'),(75,35,'和闺蜜逛街','周末和闺蜜去市区逛街买了一件好看的裙子，果然逛街最治愈',NULL,NULL,NULL,NULL,NULL,'2026-05-06 20:24:00','2026-05-24 14:41:48'),(76,35,'和妈妈视频','和妈妈视频了一个小时她说想我了，我也想回家吃她做的饭',NULL,NULL,NULL,NULL,NULL,'2026-05-20 22:47:00','2026-05-24 14:41:48'),(77,35,'跑步打卡','今天在操场跑了4圈坚持了20分钟，目标是下个月能跑5公里',NULL,NULL,NULL,NULL,NULL,'2026-05-20 10:18:00','2026-05-24 14:41:48'),(78,36,'又是一夜无眠','凌晨四点还醒着脑子里全是代码和bug，为什么别人都能写出来就我不行',NULL,NULL,NULL,NULL,NULL,'2026-05-15 19:47:00','2026-05-24 14:41:48'),(79,36,'不想见人','今天翘了所有课拉上窗帘在宿舍躺了一天，不想让任何人看到我这样子',NULL,NULL,NULL,NULL,NULL,'2026-05-04 09:28:00','2026-05-24 14:41:48'),(80,36,'去了心理咨询中心','终于鼓起勇气去了学校的心理咨询中心，老师很温柔聊完之后轻松了一点',NULL,NULL,NULL,NULL,NULL,'2026-05-23 13:06:00','2026-05-24 14:41:48'),(81,36,'开始吃药了','医生开了药说是可以改善睡眠和情绪，希望能有效果',NULL,NULL,NULL,NULL,NULL,'2026-05-13 14:51:00','2026-05-24 14:41:48'),(82,36,'慢慢好起来','最近睡眠好了一点虽然还会做梦但至少能睡着了，慢慢来吧',NULL,NULL,NULL,NULL,NULL,'2026-05-05 15:38:00','2026-05-24 14:41:48'),(83,37,'心理咨询实践课','今天上了心理咨询的实践课和同学互相扮演咨询师和来访者，收获很大',NULL,NULL,NULL,NULL,NULL,'2026-05-06 09:28:00','2026-05-24 14:41:48'),(84,37,'帮助了一个同学','有个学妹来找我倾诉说最近很焦虑，我用倾听技巧陪她聊了很久她说好多了',NULL,NULL,NULL,NULL,NULL,'2026-05-15 14:09:00','2026-05-24 14:41:48'),(85,37,'收到实习offer','投了好久的实习终于有回复了，一家心理咨询机构让我去面试好紧张',NULL,NULL,NULL,NULL,NULL,'2026-05-06 11:31:00','2026-05-24 14:41:48'),(86,37,'今天被夸了','老师说我在咨询模拟中表现得很自然有做咨询师的天赋，开心',NULL,NULL,NULL,NULL,NULL,'2026-05-12 21:18:00','2026-05-24 14:41:48'),(87,39,'水彩画新作品','花了一整天完成了一幅水彩风景画，准备拿去参加学校的画展',NULL,NULL,NULL,NULL,NULL,'2026-05-23 16:59:00','2026-05-24 14:41:48'),(88,39,'画展入选了','我的作品被选入学校的艺术展了，努力没有白费',NULL,NULL,NULL,NULL,NULL,'2026-05-11 15:27:00','2026-05-24 14:41:48'),(89,39,'和室友一起做饭','周末和室友一起做了火锅，虽然厨房差点被烧了但是好好笑',NULL,NULL,NULL,NULL,NULL,'2026-05-23 12:13:00','2026-05-24 14:41:48'),(90,2,'篮球赛赢了','今天学院篮球赛我们班赢了，我投进了关键球全场都在欢呼',NULL,NULL,NULL,NULL,NULL,'2026-05-14 16:33:00','2026-05-24 14:41:48'),(91,2,'高数作业好难','高数作业写了一个下午才写完，感觉脑细胞死了一大半',NULL,NULL,NULL,NULL,NULL,'2026-05-24 12:25:00','2026-05-24 14:41:48'),(92,2,'和高中同学聚会','周末和几个高中同学约饭，大家变化都好大有人考研有人工作',NULL,NULL,NULL,NULL,NULL,'2026-05-05 16:18:00','2026-05-24 14:41:48'),(93,14,'答辩好紧张','今天毕业答辩，在台上腿都在抖。老师问的问题差点答不上来，还好最后过了！',NULL,NULL,NULL,NULL,NULL,'2026-04-19 23:48:00','2026-05-24 14:46:12'),(94,14,'论文写完了','终于把论文初稿写完了，查重率12%，导师说可以。开心到飞起！',NULL,NULL,NULL,NULL,NULL,'2026-04-14 13:29:00','2026-05-24 14:46:12'),(95,14,'舍友太吵了','舍友打游戏到凌晨两点，键盘敲得飞起。我带上耳塞也睡不着，好烦。',NULL,NULL,NULL,NULL,NULL,'2026-05-04 16:51:00','2026-05-24 14:46:12'),(96,14,'今天又被bug虐了','一个空指针异常调了三个小时，结果是对象没判空。想砸电脑。',NULL,NULL,NULL,NULL,NULL,'2026-05-09 22:34:00','2026-05-24 14:46:12'),(97,14,'拿到了offer','收到了实习offer，虽然是家小公司但总算有地方去了。',NULL,NULL,NULL,NULL,NULL,'2026-05-14 19:53:00','2026-05-24 14:46:12'),(98,14,'和女朋友吵架了','因为一点小事吵架了，她生气了我也不知道怎么哄。好难啊。',NULL,NULL,NULL,NULL,NULL,'2026-05-16 20:57:00','2026-05-24 14:46:12'),(99,14,'爸妈来看我了','爸妈从老家来看我，带了好多吃的。妈妈说我瘦了，其实没有哈哈。',NULL,NULL,NULL,NULL,NULL,'2026-05-19 15:26:00','2026-05-24 14:46:12'),(100,14,'今天真的好累','早八到晚九的课，中间就吃了顿饭。回到宿舍直接瘫了。',NULL,NULL,NULL,NULL,NULL,'2026-05-21 09:30:00','2026-05-24 14:46:12'),(101,35,'教资面试过了','教资面试居然过了！结构化问答紧张得要死，但考官人很好。',NULL,NULL,NULL,NULL,NULL,'2026-04-24 09:08:00','2026-05-24 14:46:12'),(102,35,'今天心情好好','今天阳光特别好的那种，走在路上感觉一切都很美好。',NULL,NULL,NULL,NULL,NULL,'2026-04-29 22:38:00','2026-05-24 14:46:12'),(103,35,'和男朋友约会','他带我去吃了新开的日料店，三文鱼很新鲜。在一起快一年了。',NULL,NULL,NULL,NULL,NULL,'2026-05-04 19:17:00','2026-05-24 14:46:12'),(104,35,'考研还是工作','好纠结啊，家里人想让我考研，但我又想工作。到底怎么选。',NULL,NULL,NULL,NULL,NULL,'2026-05-12 15:46:00','2026-05-24 14:46:12'),(105,35,'今天被导师夸了','论文开题报告导师说写得不错，开心了一整天！',NULL,NULL,NULL,NULL,NULL,'2026-05-16 09:43:00','2026-05-24 14:46:12'),(106,35,'减肥好难','说好要减肥的结果室友带了炸鸡回来，没忍住吃了三块。明天再减吧。',NULL,NULL,NULL,NULL,NULL,'2026-05-20 13:52:00','2026-05-24 14:46:12'),(107,35,'今天下雨不想起','外面下大雨，被窝里好舒服完全不想起床。但还是爬起来去上课了。',NULL,NULL,NULL,NULL,NULL,'2026-05-23 19:32:00','2026-05-24 14:46:12'),(108,36,'又一次失眠','已经连续一周睡不着了，安眠药也不敢多吃。好怕自己撑不住。',NULL,NULL,NULL,NULL,NULL,'2026-04-24 21:54:00','2026-05-24 14:46:12'),(109,36,'去医院了','去看了精神科，确诊了中度抑郁。开了药，希望有用吧。',NULL,NULL,NULL,NULL,NULL,'2026-04-29 14:33:00','2026-05-24 14:46:12'),(110,36,'告诉了妈妈','打电话跟妈妈说了病情，她哭了。我也哭了。好对不起她。',NULL,NULL,NULL,NULL,NULL,'2026-05-04 14:42:00','2026-05-24 14:46:12'),(111,36,'今天很难受','早上起来就莫名想哭，坐在床边发了半小时呆。不想让室友看到。',NULL,NULL,NULL,NULL,NULL,'2026-05-09 18:51:00','2026-05-24 14:46:12'),(112,36,'断药了','药吃完了还没去复诊，今天又失眠到凌晨四点。',NULL,NULL,NULL,NULL,NULL,'2026-05-12 15:41:00','2026-05-24 14:46:12'),(113,36,'复诊结果','医生说有在好转，继续吃药。但我怎么感觉不到呢。',NULL,NULL,NULL,NULL,NULL,'2026-05-16 21:45:00','2026-05-24 14:46:12'),(114,36,'今天出门走了走','在校园里走了走，看到樱花开了。有一瞬间觉得活着也挺好的。',NULL,NULL,NULL,NULL,NULL,'2026-05-20 21:49:00','2026-05-24 14:46:12'),(115,36,'试着去上课','今天去上了一节课，虽然没听进去多少但至少出门了。进步吧。',NULL,NULL,NULL,NULL,NULL,'2026-05-23 17:31:00','2026-05-24 14:46:12'),(116,37,'咨询实习第一天','第一天去心理咨询机构实习，带教老师很专业。要学的东西好多。',NULL,NULL,NULL,NULL,NULL,'2026-04-26 14:02:00','2026-05-24 14:46:12'),(117,37,'和来访者共情','今天听了一个来访者的故事，差点没忍住哭出来。做咨询师真的需要强大的内心。',NULL,NULL,NULL,NULL,NULL,'2026-05-02 20:58:00','2026-05-24 14:46:12'),(118,37,'督导反馈','督导说我的共情能力很强但需要注意边界。收获很大。',NULL,NULL,NULL,NULL,NULL,'2026-05-09 20:25:00','2026-05-24 14:46:12'),(119,37,'读书会分享','今天在读书会上分享了《蛤蟆先生去看心理医生》，大家讨论得很热烈。',NULL,NULL,NULL,NULL,NULL,'2026-05-14 13:39:00','2026-05-24 14:46:12'),(120,37,'和妈妈视频','妈妈说以我为傲，我差点哭了。感觉自己在做有意义的事。',NULL,NULL,NULL,NULL,NULL,'2026-05-19 22:46:00','2026-05-24 14:46:12'),(121,37,'今天有点累','连续做了三个咨询有点累，但看到来访者有变化就觉得值得。',NULL,NULL,NULL,NULL,NULL,'2026-05-22 09:24:00','2026-05-24 14:46:12'),(122,39,'毕业设计好难','毕设选题换了好几个了，每个都不满意。焦虑得掉头发。',NULL,NULL,NULL,NULL,NULL,'2026-04-14 16:08:00','2026-05-24 14:46:12'),(123,39,'画画真的解压','心情不好的时候画画真的能平静下来，今天画到忘记吃饭。',NULL,NULL,NULL,NULL,NULL,'2026-04-29 18:32:00','2026-05-24 14:46:12'),(124,39,'作品被挂出来了','之前参赛的作品被挂在学院走廊里了，每次路过都小小得意一下。',NULL,NULL,NULL,NULL,NULL,'2026-05-06 14:25:00','2026-05-24 14:46:12'),(125,39,'实习面试','去了一家设计公司面试，面试官说我的作品集不错。等消息中。',NULL,NULL,NULL,NULL,NULL,'2026-05-12 13:04:00','2026-05-24 14:46:12'),(126,39,'和室友深夜聊天','聊了各自喜欢的画家，我发现我好喜欢莫奈的风格。',NULL,NULL,NULL,NULL,NULL,'2026-05-18 18:58:00','2026-05-24 14:46:12'),(127,39,'今天画了一幅画','花了一整天画了一幅星空，发给妈妈看她说好看。开心。',NULL,NULL,NULL,NULL,NULL,'2026-05-22 20:56:00','2026-05-24 14:46:12'),(128,2,'学院杯篮球赛','今天学院杯篮球赛我们赢了卫冕冠军！我投了12分，超常发挥。',NULL,NULL,NULL,NULL,NULL,'2026-04-24 21:32:00','2026-05-24 14:46:12'),(129,2,'挂科了','高数上挂科了，55分。暑假要补考，好难受。',NULL,NULL,NULL,NULL,NULL,'2026-04-29 23:46:00','2026-05-24 14:46:12'),(130,2,'补考过了','补考过了！虽然只考了61分但不用重修了，万岁！',NULL,NULL,NULL,NULL,NULL,'2026-05-04 20:33:00','2026-05-24 14:46:12'),(131,2,'和兄弟们喝酒','周末和室友出去喝酒，聊到各自的感情史笑死了。',NULL,NULL,NULL,NULL,NULL,'2026-05-12 23:09:00','2026-05-24 14:46:12'),(132,2,'最近在健身','坚持健身两周了，虽然还没看到腹肌但精神状态好了很多。',NULL,NULL,NULL,NULL,NULL,'2026-05-18 21:50:00','2026-05-24 14:46:12'),(133,2,'今天又去打球了','下午打了两个小时球，出了一身汗。打球真的是最快乐的事。',NULL,NULL,NULL,NULL,NULL,'2026-05-22 21:15:00','2026-05-24 14:46:12');
/*!40000 ALTER TABLE `diary` ENABLE KEYS */;
UNLOCK TABLES;

--
-- Table structure for table `emergency_contact`
--

DROP TABLE IF EXISTS `emergency_contact`;
/*!40101 SET @saved_cs_client     = @@character_set_client */;
/*!50503 SET character_set_client = utf8mb4 */;
CREATE TABLE `emergency_contact` (
  `id` bigint NOT NULL AUTO_INCREMENT COMMENT '主键',
  `user_id` bigint NOT NULL COMMENT '用户ID',
  `name` varchar(50) COLLATE utf8mb4_unicode_ci NOT NULL COMMENT '联系人姓名',
  `phone` varchar(20) COLLATE utf8mb4_unicode_ci NOT NULL COMMENT '手机号',
  `relation` varchar(50) COLLATE utf8mb4_unicode_ci DEFAULT NULL COMMENT '关系',
  `is_default` tinyint DEFAULT '0' COMMENT '是否默认 0-否 1-是',
  `create_time` datetime DEFAULT CURRENT_TIMESTAMP COMMENT '创建时间',
  `update_time` datetime DEFAULT CURRENT_TIMESTAMP ON UPDATE CURRENT_TIMESTAMP COMMENT '更新时间',
  PRIMARY KEY (`id`)
) ENGINE=InnoDB AUTO_INCREMENT=12 DEFAULT CHARSET=utf8mb4 COLLATE=utf8mb4_unicode_ci COMMENT='紧急联系人表';
/*!40101 SET character_set_client = @saved_cs_client */;

--
-- Dumping data for table `emergency_contact`
--

LOCK TABLES `emergency_contact` WRITE;
/*!40000 ALTER TABLE `emergency_contact` DISABLE KEYS */;
INSERT INTO `emergency_contact` VALUES (1,2,'张父','13800002001','父亲',1,'2026-05-24 12:20:50','2026-05-24 12:20:50'),(2,5,'刘友','13800005001','朋友',1,'2026-05-24 12:20:50','2026-05-24 12:20:50'),(3,7,'李母','13900007001','母亲',1,'2026-05-24 12:20:50','2026-05-24 12:20:50'),(4,14,'王伟','13800138000','父亲',1,'2026-05-24 12:20:50','2026-05-24 12:20:50'),(5,14,'李芳','13900139000','母亲',0,'2026-05-24 12:20:50','2026-05-24 12:20:50'),(6,14,'王老师','13600136000','辅导员',0,'2026-05-24 12:20:50','2026-05-24 12:20:50'),(7,15,'王父','13800015001','父亲',1,'2026-05-24 12:20:50','2026-05-24 12:20:50'),(8,16,'张母','13800016001','母亲',1,'2026-05-24 12:20:50','2026-05-24 12:20:50'),(9,17,'刘父','13800017001','父亲',1,'2026-05-24 12:20:50','2026-05-24 12:20:50'),(10,18,'陈父','13800018001','父亲',1,'2026-05-24 12:20:50','2026-05-24 12:20:50'),(11,35,'妍妍','13432135798','同学',1,'2026-05-24 13:04:06','2026-05-24 13:04:06');
/*!40000 ALTER TABLE `emergency_contact` ENABLE KEYS */;
UNLOCK TABLES;

--
-- Table structure for table `emotion_record`
--

DROP TABLE IF EXISTS `emotion_record`;
/*!40101 SET @saved_cs_client     = @@character_set_client */;
/*!50503 SET character_set_client = utf8mb4 */;
CREATE TABLE `emotion_record` (
  `id` bigint unsigned NOT NULL AUTO_INCREMENT COMMENT '主键',
  `user_id` bigint unsigned NOT NULL COMMENT '用户ID',
  `diary_id` bigint unsigned DEFAULT NULL COMMENT '关联日记ID（可选）',
  `emotion_score` decimal(5,2) NOT NULL COMMENT '情感分数',
  `emotion_label` varchar(64) COLLATE utf8mb4_unicode_ci DEFAULT NULL COMMENT '情感标签',
  `source_type` varchar(32) COLLATE utf8mb4_unicode_ci DEFAULT 'MANUAL' COMMENT '来源：DIARY日记/MANUAL手动/CHAT对话等',
  `remark` varchar(512) COLLATE utf8mb4_unicode_ci DEFAULT NULL COMMENT '备注',
  `create_time` datetime NOT NULL DEFAULT CURRENT_TIMESTAMP COMMENT '创建时间',
  `update_time` datetime NOT NULL DEFAULT CURRENT_TIMESTAMP ON UPDATE CURRENT_TIMESTAMP COMMENT '更新时间',
  PRIMARY KEY (`id`),
  KEY `idx_emotion_record_user_id` (`user_id`),
  KEY `idx_emotion_record_diary_id` (`diary_id`),
  KEY `idx_emotion_record_create_time` (`create_time`),
  CONSTRAINT `fk_emotion_record_diary` FOREIGN KEY (`diary_id`) REFERENCES `diary` (`id`) ON DELETE SET NULL,
  CONSTRAINT `fk_emotion_record_user` FOREIGN KEY (`user_id`) REFERENCES `user` (`id`) ON DELETE CASCADE
) ENGINE=InnoDB AUTO_INCREMENT=5 DEFAULT CHARSET=utf8mb4 COLLATE=utf8mb4_unicode_ci COMMENT='情感记录';
/*!40101 SET character_set_client = @saved_cs_client */;

--
-- Dumping data for table `emotion_record`
--

LOCK TABLES `emotion_record` WRITE;
/*!40000 ALTER TABLE `emotion_record` DISABLE KEYS */;
INSERT INTO `emotion_record` VALUES (1,2,1,72.50,'积极','DIARY','来源于日记#1','2026-05-07 23:17:02','2026-05-07 23:17:02'),(2,2,2,38.00,'焦虑','DIARY','来源于日记#2','2026-05-07 23:17:02','2026-05-07 23:17:02'),(3,3,NULL,60.00,'平稳','MANUAL','用户自评','2026-05-07 23:17:02','2026-05-07 23:17:02'),(4,3,3,85.00,'愉悦','DIARY','来源于日记#3','2026-05-07 23:17:02','2026-05-07 23:17:02');
/*!40000 ALTER TABLE `emotion_record` ENABLE KEYS */;
UNLOCK TABLES;

--
-- Table structure for table `emotion_report`
--

DROP TABLE IF EXISTS `emotion_report`;
/*!40101 SET @saved_cs_client     = @@character_set_client */;
/*!50503 SET character_set_client = utf8mb4 */;
CREATE TABLE `emotion_report` (
  `id` bigint unsigned NOT NULL AUTO_INCREMENT COMMENT '主键',
  `user_id` bigint unsigned NOT NULL COMMENT '用户ID',
  `report_type` varchar(32) COLLATE utf8mb4_unicode_ci NOT NULL DEFAULT 'WEEKLY' COMMENT '报告类型：WEEKLY/MONTHLY/CUSTOM',
  `period_start` date NOT NULL COMMENT '统计周期开始',
  `period_end` date NOT NULL COMMENT '统计周期结束',
  `summary` text COLLATE utf8mb4_unicode_ci COMMENT '文字摘要',
  `statistics_json` json DEFAULT NULL COMMENT '统计数据JSON（均值、波动等）',
  `create_time` datetime NOT NULL DEFAULT CURRENT_TIMESTAMP COMMENT '创建时间',
  `update_time` datetime NOT NULL DEFAULT CURRENT_TIMESTAMP ON UPDATE CURRENT_TIMESTAMP COMMENT '更新时间',
  PRIMARY KEY (`id`),
  KEY `idx_emotion_report_user_id` (`user_id`),
  KEY `idx_emotion_report_period` (`period_start`,`period_end`),
  CONSTRAINT `fk_emotion_report_user` FOREIGN KEY (`user_id`) REFERENCES `user` (`id`) ON DELETE CASCADE
) ENGINE=InnoDB AUTO_INCREMENT=26 DEFAULT CHARSET=utf8mb4 COLLATE=utf8mb4_unicode_ci COMMENT='情感报告';
/*!40101 SET character_set_client = @saved_cs_client */;

--
-- Dumping data for table `emotion_report`
--

LOCK TABLES `emotion_report` WRITE;
/*!40000 ALTER TABLE `emotion_report` DISABLE KEYS */;
INSERT INTO `emotion_report` VALUES (1,2,'WEEKLY','2026-04-28','2026-05-04','本周情绪波动较大，建议保持规律作息并适度放松。','{\"avg_score\": 55.25, \"max_score\": 72.50, \"min_score\": 38.00, \"record_count\": 2}','2026-05-07 23:17:02','2026-05-07 23:17:02'),(2,3,'WEEKLY','2026-04-28','2026-05-04','本周整体情绪偏积极，社交活动对情绪有正向作用。','{\"avg_score\": 72.50, \"max_score\": 85.00, \"min_score\": 60.00, \"record_count\": 2}','2026-05-07 23:17:02','2026-05-07 23:17:02'),(3,1,'WEEKLY','2026-05-03','2026-05-10','本周共记录了 3 篇日记，平均情绪分为 30 分，最常见的情绪是「calm」。情绪偏低落，建议多与朋友家人沟通，必要时寻求专业帮助。 建议保持规律作息，适当运动，关注自己的心理状态。','{\"topMood\": \"calm\", \"avgScore\": 30, \"diaryCount\": 3}','2026-05-10 22:02:33','2026-05-10 22:02:33'),(4,7,'WEEKLY','2026-05-03','2026-05-10','本周共记录了 1 篇日记，平均情绪分为 0 分，最常见的情绪是「开心」。情绪偏低落，建议多与朋友家人沟通，必要时寻求专业帮助。 建议保持规律作息，适当运动，关注自己的心理状态。','{\"topMood\": \"开心\", \"avgScore\": 0, \"diaryCount\": 1}','2026-05-10 22:46:05','2026-05-10 22:46:05'),(5,7,'WEEKLY','2026-05-03','2026-05-10','本周共记录了 2 篇日记，平均情绪分为 50 分，最常见的情绪是「开心」。情绪状态总体平稳，偶有波动属于正常现象。 建议保持规律作息，适当运动，关注自己的心理状态。','{\"topMood\": \"开心\", \"avgScore\": 50, \"diaryCount\": 2}','2026-05-10 23:08:38','2026-05-10 23:08:38'),(6,1,'WEEKLY','2026-05-03','2026-05-10','本周共记录了 4 篇日记，平均情绪分为 40 分，最常见的情绪是「calm」。情绪偏低落，建议多与朋友家人沟通，必要时寻求专业帮助。 建议保持规律作息，适当运动，关注自己的心理状态。','{\"topMood\": \"calm\", \"avgScore\": 40, \"diaryCount\": 4}','2026-05-10 23:12:45','2026-05-10 23:12:45'),(7,1,'WEEKLY','2026-05-03','2026-05-10','本周共记录了 4 篇日记，平均情绪分为 40 分，最常见的情绪是「calm」。情绪偏低落，建议多与朋友家人沟通，必要时寻求专业帮助。 建议保持规律作息，适当运动，关注自己的心理状态。','{\"trend\": {\"dates\": [\"05-10\"], \"scores\": [40.0]}, \"topMood\": \"calm\", \"avgScore\": 40, \"diaryCount\": 4}','2026-05-10 23:44:27','2026-05-10 23:44:27'),(8,1,'WEEKLY','2026-05-03','2026-05-10','本周共记录了 4 篇日记，平均情绪分为 40 分，最常见的情绪是「calm」。情绪偏低落，建议多与朋友家人沟通，必要时寻求专业帮助。 建议保持规律作息，适当运动，关注自己的心理状态。','{\"trend\": {\"dates\": [\"05-10\"], \"scores\": [40.0]}, \"topMood\": \"calm\", \"avgScore\": 40, \"diaryCount\": 4}','2026-05-10 23:45:45','2026-05-10 23:45:45'),(9,7,'WEEKLY','2026-05-03','2026-05-10','本周共记录了 3 篇日记，平均情绪分为 50 分，最常见的情绪是「开心」。情绪状态总体平稳，偶有波动属于正常现象。 建议保持规律作息，适当运动，关注自己的心理状态。','{\"trend\": {\"dates\": [\"05-10\"], \"scores\": [50.0]}, \"topMood\": \"开心\", \"avgScore\": 50, \"diaryCount\": 3}','2026-05-10 23:46:28','2026-05-10 23:46:28'),(10,7,'WEEKLY','2026-05-03','2026-05-10','本周共记录了 3 篇日记，平均情绪分为 50 分，最常见的情绪是「开心」。情绪状态总体平稳，偶有波动属于正常现象。 建议保持规律作息，适当运动，关注自己的心理状态。','{\"trend\": {\"dates\": [\"05-10\"], \"scores\": [50.0]}, \"topMood\": \"开心\", \"avgScore\": 50, \"diaryCount\": 3}','2026-05-10 23:46:31','2026-05-10 23:46:31'),(11,7,'WEEKLY','2026-05-03','2026-05-10','本周共记录了 3 篇日记，平均情绪分为 50 分，最常见的情绪是「开心」。情绪状态总体平稳，偶有波动属于正常现象。 建议保持规律作息，适当运动，关注自己的心理状态。','{\"trend\": {\"dates\": [\"05-10\"], \"scores\": [50.0]}, \"topMood\": \"开心\", \"avgScore\": 50, \"diaryCount\": 3}','2026-05-10 23:46:42','2026-05-10 23:46:42'),(12,14,'WEEKLY','2026-05-04','2026-05-10','本周共记录了 8 篇日记，平均情绪分为 58 分，最常见的情绪是「平静」和「开心」。整体情绪状态良好，但有少量的焦虑和难过情绪，主要与学业压力和想家有关。建议保持运动习惯和与家人朋友的联系，这对情绪调节很有帮助。','{\"trend\": {\"dates\": [\"05-04\", \"05-05\", \"05-06\", \"05-07\", \"05-08\", \"05-09\", \"05-10\"], \"scores\": [35, 61, 70, 88, 22, 60, 65]}, \"topMood\": \"平静\", \"avgScore\": 58, \"diaryCount\": 8}','2026-05-10 22:00:00','2026-05-11 00:10:44'),(13,14,'WEEKLY','2026-05-04','2026-05-11','本周共记录了 8 篇日记，平均情绪分为 50 分，最常见的情绪是「平静」。情绪状态总体平稳，偶有波动属于正常现象。情绪较为稳定。 建议保持规律作息，适当运动，关注自己的心理状态。','{\"trend\": {\"dates\": [\"05-04\", \"05-05\", \"05-06\", \"05-07\", \"05-08\", \"05-09\", \"05-10\"], \"scores\": [35.0, 66.0, 50.0, 50.0, 22.0, 60.0, 50.0]}, \"topMood\": \"平静\", \"avgScore\": 50, \"diaryCount\": 8}','2026-05-11 00:14:25','2026-05-11 00:14:25'),(14,14,'WEEKLY','2026-05-04','2026-05-11','本周共记录了 8 篇日记，平均情绪分为 50 分，最常见的情绪是「平静」。情绪状态总体平稳，偶有波动属于正常现象。情绪较为稳定。 建议保持规律作息，适当运动，关注自己的心理状态。','{\"trend\": {\"dates\": [\"05-04\", \"05-05\", \"05-06\", \"05-07\", \"05-08\", \"05-09\", \"05-10\"], \"scores\": [35.0, 66.0, 50.0, 50.0, 22.0, 60.0, 50.0]}, \"topMood\": \"平静\", \"avgScore\": 50, \"diaryCount\": 8}','2026-05-11 00:14:30','2026-05-11 00:14:30'),(15,14,'WEEKLY','2026-05-16','2026-05-23','本周没有记录日记，建议每天花几分钟记录心情。','{\"trend\": {\"dates\": [], \"scores\": []}, \"topMood\": \"未记录\", \"avgScore\": 0, \"diaryCount\": 0}','2026-05-23 21:11:27','2026-05-23 21:11:27'),(16,5,'WEEKLY','2026-05-16','2026-05-23','本周没有记录日记，建议每天花几分钟记录心情。','{\"trend\": {\"dates\": [], \"scores\": []}, \"topMood\": \"未记录\", \"avgScore\": 0, \"diaryCount\": 0}','2026-05-23 21:11:50','2026-05-23 21:11:50'),(17,5,'WEEKLY','2026-05-16','2026-05-23','本周共记录了 1 篇日记，平均情绪分为 50 分，最常见的情绪是「开心」。情绪状态总体平稳，偶有波动属于正常现象。 建议保持规律作息，适当运动，关注自己的心理状态。','{\"trend\": {\"dates\": [\"05-23\"], \"scores\": [50.0]}, \"topMood\": \"开心\", \"avgScore\": 50, \"diaryCount\": 1}','2026-05-23 21:15:05','2026-05-23 21:15:05'),(18,7,'WEEKLY','2026-05-17','2026-05-24','本周没有记录日记，建议每天花几分钟记录心情。','{\"trend\": {\"dates\": [], \"scores\": []}, \"topMood\": \"未记录\", \"avgScore\": 0, \"diaryCount\": 0}','2026-05-24 00:16:01','2026-05-24 00:16:01'),(19,35,'WEEKLY','2026-05-17','2026-05-24','本周没有记录日记，建议每天花几分钟记录心情。','{\"trend\": {\"dates\": [], \"scores\": []}, \"topMood\": \"未记录\", \"avgScore\": 0, \"diaryCount\": 0}','2026-05-24 00:21:38','2026-05-24 00:21:38'),(20,35,'WEEKLY','2026-05-17','2026-05-24','本周没有记录日记，建议每天花几分钟记录心情。','{\"trend\": {\"dates\": [], \"scores\": []}, \"topMood\": \"未记录\", \"avgScore\": 0, \"diaryCount\": 0}','2026-05-24 00:25:12','2026-05-24 00:25:12'),(21,35,'WEEKLY','2026-05-17','2026-05-24','本周共记录了 6 次情绪记录，平均情绪分为 65 分，最常见的情绪是「开心」。情绪状态总体平稳，偶有波动属于正常现象。情绪较为稳定。 建议保持规律作息，适当运动，关注自己的心理状态。','{\"trend\": {\"dates\": [\"05-18\", \"05-20\", \"05-21\", \"05-22\", \"05-23\", \"05-24\"], \"scores\": [80.0, 60.0, 70.0, 50.0, 60.0, 70.0]}, \"topMood\": \"开心\", \"avgScore\": 65, \"diaryCount\": 6}','2026-05-24 00:45:45','2026-05-24 00:45:45'),(22,14,'WEEKLY','2026-05-17','2026-05-24','本周共记录了 1 次情绪记录，平均情绪分为 50 分，最常见的情绪是「平静」。情绪状态总体平稳，偶有波动属于正常现象。 建议保持规律作息，适当运动，关注自己的心理状态。','{\"trend\": {\"dates\": [\"05-20\"], \"scores\": [50.0]}, \"topMood\": \"平静\", \"avgScore\": 50, \"diaryCount\": 1}','2026-05-24 00:45:45','2026-05-24 00:45:45'),(23,35,'WEEKLY','2026-05-17','2026-05-24','本周共记录了 6 次情绪记录，平均情绪分为 65 分，最常见的情绪是「开心」。情绪状态总体平稳，偶有波动属于正常现象。情绪较为稳定。 建议保持规律作息，适当运动，关注自己的心理状态。','{\"trend\": {\"dates\": [\"05-18\", \"05-20\", \"05-21\", \"05-22\", \"05-23\", \"05-24\"], \"scores\": [80.0, 60.0, 70.0, 50.0, 60.0, 70.0]}, \"topMood\": \"开心\", \"avgScore\": 65, \"diaryCount\": 6}','2026-05-24 00:46:33','2026-05-24 00:46:33'),(24,35,'WEEKLY','2026-05-17','2026-05-24','本周共记录了 7 次情绪记录，平均情绪分为 63 分，最常见的情绪是「开心」。情绪状态总体平稳，偶有波动属于正常现象。情绪呈下降趋势，请注意调整状态。 建议保持规律作息，适当运动，关注自己的心理状态。','{\"trend\": {\"dates\": [\"05-18\", \"05-20\", \"05-21\", \"05-22\", \"05-23\", \"05-24\"], \"scores\": [80.0, 60.0, 70.0, 50.0, 60.0, 60.0]}, \"topMood\": \"开心\", \"avgScore\": 63, \"diaryCount\": 7}','2026-05-24 00:47:27','2026-05-24 00:47:27'),(25,35,'WEEKLY','2026-05-17','2026-05-24','本周共记录了 7 次情绪记录，平均情绪分为 63 分，最常见的情绪是「开心」。情绪状态总体平稳，偶有波动属于正常现象。情绪呈下降趋势，请注意调整状态。 建议保持规律作息，适当运动，关注自己的心理状态。','{\"trend\": {\"dates\": [\"05-18\", \"05-20\", \"05-21\", \"05-22\", \"05-23\", \"05-24\"], \"scores\": [80.0, 60.0, 70.0, 50.0, 60.0, 60.0]}, \"topMood\": \"开心\", \"avgScore\": 63, \"diaryCount\": 7}','2026-05-24 00:47:28','2026-05-24 00:47:28');
/*!40000 ALTER TABLE `emotion_report` ENABLE KEYS */;
UNLOCK TABLES;

--
-- Table structure for table `mood_record`
--

DROP TABLE IF EXISTS `mood_record`;
/*!40101 SET @saved_cs_client     = @@character_set_client */;
/*!50503 SET character_set_client = utf8mb4 */;
CREATE TABLE `mood_record` (
  `id` bigint NOT NULL AUTO_INCREMENT,
  `user_id` bigint NOT NULL,
  `mood_score` int DEFAULT NULL,
  `mood_tag` varchar(50) COLLATE utf8mb4_unicode_ci DEFAULT NULL,
  `note` varchar(500) COLLATE utf8mb4_unicode_ci DEFAULT NULL,
  `record_date` varchar(20) COLLATE utf8mb4_unicode_ci DEFAULT NULL,
  `create_time` datetime DEFAULT CURRENT_TIMESTAMP,
  PRIMARY KEY (`id`)
) ENGINE=InnoDB AUTO_INCREMENT=1807 DEFAULT CHARSET=utf8mb4 COLLATE=utf8mb4_unicode_ci COMMENT='情绪记录表';
/*!40101 SET character_set_client = @saved_cs_client */;

--
-- Dumping data for table `mood_record`
--

LOCK TABLES `mood_record` WRITE;
/*!40000 ALTER TABLE `mood_record` DISABLE KEYS */;
INSERT INTO `mood_record` VALUES (1,1,8,'happy','蹇冩儏涓嶉敊','2026-05-09','2026-05-10 21:08:34'),(2,1,7,'happy','鎸哄ソ鐨','2026-05-08','2026-05-10 21:08:34'),(3,1,5,'calm','涓?埇鑸','2026-05-07','2026-05-10 21:08:34'),(4,1,6,'calm','杩樿?','2026-05-06','2026-05-10 21:08:34'),(5,1,4,'anxious','鏈夌偣鐒﹁檻','2026-05-05','2026-05-10 21:08:34'),(6,1,3,'sad','涓嶅紑蹇','2026-05-04','2026-05-10 21:08:34'),(7,1,6,'happy','鎭㈠?浜','2026-05-03','2026-05-10 21:08:34'),(8,1,7,'happy','寰堝ソ','2026-05-02','2026-05-10 21:08:34'),(9,1,8,'happy','闈炲父寮?績','2026-05-01','2026-05-10 21:08:34'),(10,1,5,'tired','鏈夌偣绱','2026-04-30','2026-05-10 21:08:34'),(11,1,4,'tired','鐤叉儷','2026-04-29','2026-05-10 21:08:34'),(12,1,6,'calm','骞抽潤鐨勪竴澶','2026-04-28','2026-05-10 21:08:34'),(13,1,7,'happy','鎰夊揩','2026-04-27','2026-05-10 21:08:34'),(14,1,5,'calm','鏅??','2026-04-26','2026-05-10 21:08:34'),(15,1,4,'anxious','鏈夌偣绱у紶','2026-04-25','2026-05-10 21:08:34'),(16,1,6,'calm','鏀炬澗','2026-04-24','2026-05-10 21:08:34'),(17,1,8,'happy','澶??浜','2026-04-23','2026-05-10 21:08:34'),(18,1,7,'happy','寮?績','2026-04-22','2026-05-10 21:08:34'),(19,1,3,'sad','闅捐繃','2026-04-21','2026-05-10 21:08:34'),(20,1,5,'calm','骞抽潤','2026-04-20','2026-05-10 21:08:34'),(21,1,6,'happy','涓嶉敊','2026-04-19','2026-05-10 21:08:34'),(22,1,7,'happy','寰堝ソ','2026-04-18','2026-05-10 21:08:34'),(23,1,4,'anxious','鐒﹁檻','2026-04-17','2026-05-10 21:08:34'),(24,1,5,'calm','杩樿?','2026-04-16','2026-05-10 21:08:34'),(25,1,6,'calm','骞崇ǔ','2026-04-15','2026-05-10 21:08:34'),(26,1,7,'happy','鎰夊揩','2026-04-14','2026-05-10 21:08:34'),(27,1,8,'happy','瀹岀編','2026-04-13','2026-05-10 21:08:34'),(28,1,6,'happy','濂','2026-04-12','2026-05-10 21:08:34'),(29,1,5,'tired','绱','2026-04-11','2026-05-10 21:08:34'),(30,1,7,'happy','鍛ㄦ湯鎰夊揩','2026-04-10','2026-05-10 21:08:34'),(31,14,3,'anxious','新学期焦虑，担心课程难度','2026-05-04','2026-05-04 20:35:00'),(32,14,8,'happy','打球运动很开心','2026-05-05','2026-05-05 18:20:00'),(33,14,4,'anxious','高数题目太难了','2026-05-05','2026-05-05 21:05:00'),(34,14,7,'calm','和爸妈视频后很安心','2026-05-06','2026-05-06 20:05:00'),(35,14,9,'happy','社团活动成功举办，超级有成就感','2026-05-07','2026-05-07 17:35:00'),(36,14,2,'sad','想家了，有点难过','2026-05-08','2026-05-08 22:15:00'),(37,14,6,'calm','制定了复习计划，心里有底了','2026-05-09','2026-05-09 16:05:00'),(38,14,6,'calm','图书馆自习效率不错','2026-05-10','2026-05-10 11:35:00'),(39,14,6,'calm','哈哈哈','2026-05-11','2026-05-11 00:12:31'),(40,14,7,'happy','今天心情不错','2026-05-16','2026-05-16 08:17:00'),(41,15,6,'calm','感觉还可以','2026-05-16','2026-05-16 11:57:00'),(42,16,6,'happy','有点累','2026-05-16','2026-05-16 14:47:00'),(43,17,6,'calm','精力充沛','2026-05-16','2026-05-16 17:41:00'),(44,18,5,'tired','有点焦虑','2026-05-16','2026-05-16 20:40:00'),(45,19,7,'calm','还行吧','2026-05-17','2026-05-17 08:31:00'),(46,20,6,'happy','平静的一天','2026-05-17','2026-05-17 11:33:00'),(47,21,5,'tired','不太开心','2026-05-17','2026-05-17 14:23:00'),(48,22,5,'calm','学习压力大','2026-05-17','2026-05-17 17:15:00'),(49,23,7,'happy','放松了一下','2026-05-17','2026-05-17 20:23:00'),(50,24,4,'anxious','和朋友聊了天','2026-05-18','2026-05-18 08:24:00'),(51,25,4,'tired','运动了','2026-05-18','2026-05-18 11:08:00'),(52,26,6,'calm','考试复习中','2026-05-18','2026-05-18 14:22:00'),(53,27,4,'sad','听了音乐','2026-05-18','2026-05-18 17:19:00'),(54,28,4,'tired','天气不错','2026-05-18','2026-05-18 20:57:00'),(55,29,4,'tired','有点烦躁','2026-05-19','2026-05-19 08:05:00'),(56,30,4,'anxious','慢慢好起来了','2026-05-19','2026-05-19 11:58:00'),(57,31,4,'sad','需要休息','2026-05-19','2026-05-19 14:56:00'),(58,32,5,'tired','状态不错','2026-05-19','2026-05-19 17:06:00'),(59,33,4,'anxious','继续加油','2026-05-19','2026-05-19 20:23:00'),(60,34,4,'tired','今天心情不错','2026-05-20','2026-05-20 08:30:00'),(61,14,5,'calm','感觉还可以','2026-05-20','2026-05-20 11:56:00'),(62,15,5,'anxious','有点累','2026-05-20','2026-05-20 14:48:00'),(63,16,5,'calm','精力充沛','2026-05-20','2026-05-20 17:14:00'),(64,17,5,'tired','有点焦虑','2026-05-20','2026-05-20 20:30:00'),(65,18,5,'calm','还行吧','2026-05-21','2026-05-21 08:54:00'),(66,19,7,'happy','平静的一天','2026-05-21','2026-05-21 11:21:00'),(67,20,5,'calm','不太开心','2026-05-21','2026-05-21 14:22:00'),(68,21,5,'happy','学习压力大','2026-05-21','2026-05-21 17:31:00'),(69,22,5,'tired','放松了一下','2026-05-21','2026-05-21 20:39:00'),(70,23,7,'happy','和朋友聊了天','2026-05-22','2026-05-22 08:46:00'),(71,24,7,'happy','运动了','2026-05-22','2026-05-22 11:33:00'),(72,25,6,'calm','考试复习中','2026-05-22','2026-05-22 14:54:00'),(73,26,8,'happy','听了音乐','2026-05-22','2026-05-22 17:37:00'),(74,27,6,'calm','天气不错','2026-05-22','2026-05-22 20:50:00'),(75,35,7,'happy','今天和朋友出去玩，很开心','2026-05-24','2026-05-24 18:30:00'),(76,35,6,'calm','普通的一天','2026-05-23','2026-05-23 20:00:00'),(77,35,5,'tired','有点累','2026-05-22','2026-05-22 22:00:00'),(78,35,7,'happy','收到好消息','2026-05-21','2026-05-21 15:00:00'),(79,35,6,'calm','状态平稳','2026-05-20','2026-05-20 19:00:00'),(80,35,8,'happy','周末愉快','2026-05-18','2026-05-18 17:00:00'),(81,36,4,'anxious','最近压力很大，睡不着','2026-05-24','2026-05-24 02:00:00'),(82,36,3,'sad','感觉很难受','2026-05-23','2026-05-23 23:00:00'),(83,36,4,'anxious','考试临近很焦虑','2026-05-22','2026-05-22 20:00:00'),(84,36,3,'sad','心情很低落','2026-05-21','2026-05-21 22:00:00'),(85,36,5,'tired','好累','2026-05-20','2026-05-20 21:00:00'),(86,36,4,'anxious','担心未来','2026-05-19','2026-05-19 20:00:00'),(87,36,4,'sad','不开心','2026-05-18','2026-05-18 19:00:00'),(88,37,7,'happy','学习了心理咨询技巧','2026-05-24','2026-05-24 16:00:00'),(89,37,8,'happy','和朋友聊了很多','2026-05-23','2026-05-23 18:00:00'),(90,37,6,'calm','平静的一天','2026-05-22','2026-05-22 20:00:00'),(91,37,7,'happy','被老师表扬了','2026-05-21','2026-05-21 14:00:00'),(92,38,6,'calm','数学题做完了','2026-05-24','2026-05-24 21:00:00'),(93,38,5,'tired','复习了一天','2026-05-23','2026-05-23 22:00:00'),(94,38,6,'calm','听了音乐心情不错','2026-05-22','2026-05-22 19:00:00'),(95,38,7,'happy','搞定了一道难题','2026-05-21','2026-05-21 16:00:00'),(96,39,7,'happy','画了一幅满意的画','2026-05-24','2026-05-24 20:00:00'),(97,39,6,'calm','灵感来了','2026-05-23','2026-05-23 15:00:00'),(98,39,5,'tired','画了一天有点累','2026-05-22','2026-05-22 22:00:00'),(99,39,8,'happy','作品被老师认可了','2026-05-21','2026-05-21 17:00:00'),(100,35,5,'calm','','2026-05-24','2026-05-24 00:46:44'),(101,36,2,'sad','test','2026-05-24','2026-05-24 11:49:08'),(102,36,3,'sad','test','2026-05-24','2026-05-24 11:49:09'),(103,36,2,'sad','test','2026-05-24','2026-05-24 11:49:09'),(104,36,2,'sad','test','2026-05-24','2026-05-24 11:49:09'),(105,36,3,'sad','test','2026-05-24','2026-05-24 11:49:09'),(106,14,5,'anxious','有点焦虑','2026-05-16','2026-05-16 14:18:00'),(107,14,3,'anxious','有点焦虑','2026-05-15','2026-05-15 14:44:00'),(108,14,9,'happy','平静的一天','2026-05-14','2026-05-14 13:46:00'),(109,14,4,'anxious','有点焦虑','2026-05-13','2026-05-13 16:50:00'),(110,14,8,'calm','今天很累','2026-05-12','2026-05-12 15:17:00'),(111,14,7,'calm','今天很累','2026-05-11','2026-05-11 20:17:00'),(112,14,3,'sad','平静的一天','2026-05-10','2026-05-10 15:51:00'),(113,14,9,'happy','有点焦虑','2026-05-09','2026-05-09 16:27:00'),(114,35,5,'anxious','感觉还行','2026-05-16','2026-05-16 22:18:00'),(115,35,6,'calm','有点压力','2026-05-15','2026-05-15 11:33:00'),(116,35,6,'calm','感觉还行','2026-05-14','2026-05-14 14:44:00'),(117,35,7,'calm','平静的一天','2026-05-13','2026-05-13 20:46:00'),(118,35,7,'happy','状态一般','2026-05-12','2026-05-12 20:51:00'),(119,35,4,'sad','状态一般','2026-05-11','2026-05-11 22:43:00'),(120,35,4,'tired','有点压力','2026-05-10','2026-05-10 09:43:00'),(121,35,4,'tired','今天很累','2026-05-09','2026-05-09 15:45:00'),(122,36,5,'sad','有点压力','2026-05-16','2026-05-16 22:04:00'),(123,36,8,'happy','感觉还行','2026-05-15','2026-05-15 17:38:00'),(124,36,3,'anxious','今天很累','2026-05-14','2026-05-14 22:11:00'),(125,36,6,'calm','有点焦虑','2026-05-13','2026-05-13 18:00:00'),(126,36,5,'tired','有点压力','2026-05-12','2026-05-12 15:31:00'),(127,36,3,'anxious','有点压力','2026-05-11','2026-05-11 14:53:00'),(128,36,5,'anxious','有点焦虑','2026-05-10','2026-05-10 14:48:00'),(129,36,5,'anxious','心情不错','2026-05-09','2026-05-09 21:48:00'),(130,37,6,'tired','今天很累','2026-05-16','2026-05-16 12:46:00'),(131,37,4,'tired','平静的一天','2026-05-15','2026-05-15 08:54:00'),(132,37,4,'tired','心情不错','2026-05-14','2026-05-14 20:55:00'),(133,37,4,'tired','状态一般','2026-05-13','2026-05-13 22:18:00'),(134,37,5,'anxious','平静的一天','2026-05-12','2026-05-12 16:24:00'),(135,37,5,'sad','心情不错','2026-05-11','2026-05-11 10:47:00'),(136,37,8,'happy','有点压力','2026-05-10','2026-05-10 20:59:00'),(137,37,3,'sad','状态一般','2026-05-09','2026-05-09 22:57:00'),(138,38,5,'tired','有点焦虑','2026-05-16','2026-05-16 11:00:00'),(139,38,5,'sad','今天很累','2026-05-15','2026-05-15 21:47:00'),(140,38,9,'happy','感觉还行','2026-05-14','2026-05-14 11:38:00'),(141,38,5,'anxious','状态一般','2026-05-13','2026-05-13 17:46:00'),(142,38,3,'sad','有点焦虑','2026-05-12','2026-05-12 12:17:00'),(143,38,3,'sad','有点焦虑','2026-05-11','2026-05-11 18:06:00'),(144,38,4,'sad','有点焦虑','2026-05-10','2026-05-10 21:11:00'),(145,38,4,'anxious','心情不错','2026-05-09','2026-05-09 08:28:00'),(146,39,5,'tired','感觉还行','2026-05-16','2026-05-16 13:41:00'),(147,39,8,'happy','有点压力','2026-05-15','2026-05-15 12:16:00'),(148,39,8,'happy','有点焦虑','2026-05-14','2026-05-14 19:24:00'),(149,39,6,'tired','状态一般','2026-05-13','2026-05-13 21:11:00'),(150,39,5,'tired','有点压力','2026-05-12','2026-05-12 21:30:00'),(151,39,5,'anxious','有点焦虑','2026-05-11','2026-05-11 12:26:00'),(152,39,8,'happy','有点压力','2026-05-10','2026-05-10 17:21:00'),(153,39,6,'tired','平静的一天','2026-05-09','2026-05-09 08:07:00'),(154,2,8,'happy','状态一般','2026-05-16','2026-05-16 08:05:00'),(155,2,4,'anxious','今天很累','2026-05-15','2026-05-15 10:51:00'),(156,2,5,'sad','状态一般','2026-05-14','2026-05-14 18:50:00'),(157,2,4,'tired','有点压力','2026-05-13','2026-05-13 16:11:00'),(158,2,8,'happy','心情不错','2026-05-12','2026-05-12 08:54:00'),(159,2,7,'happy','有点压力','2026-05-11','2026-05-11 13:06:00'),(160,2,5,'tired','感觉还行','2026-05-10','2026-05-10 10:43:00'),(161,2,6,'tired','有点压力','2026-05-09','2026-05-09 09:08:00'),(162,5,5,'anxious','状态一般','2026-05-16','2026-05-16 13:59:00'),(163,5,7,'calm','有点焦虑','2026-05-15','2026-05-15 10:54:00'),(164,5,8,'calm','有点压力','2026-05-14','2026-05-14 18:51:00'),(165,5,5,'anxious','有点压力','2026-05-13','2026-05-13 11:56:00'),(166,5,7,'calm','状态一般','2026-05-12','2026-05-12 11:33:00'),(167,5,4,'tired','感觉还行','2026-05-11','2026-05-11 08:37:00'),(168,5,5,'tired','感觉还行','2026-05-10','2026-05-10 20:28:00'),(169,5,4,'anxious','感觉还行','2026-05-09','2026-05-09 21:22:00'),(170,14,8,'anxious',NULL,'2026-04-29','2026-04-29 19:06:00'),(171,14,3,'sad',NULL,'2026-05-01','2026-05-01 18:12:00'),(172,14,6,'happy',NULL,'2026-05-02','2026-05-02 08:20:00'),(173,14,8,'anxious',NULL,'2026-05-03','2026-05-03 14:25:00'),(174,14,4,'happy',NULL,'2026-05-04','2026-05-04 20:20:00'),(175,14,6,'anxious',NULL,'2026-05-05','2026-05-05 12:36:00'),(176,14,3,'tired',NULL,'2026-05-06','2026-05-06 18:26:00'),(177,14,7,'anxious',NULL,'2026-05-07','2026-05-07 12:47:00'),(178,14,7,'anxious',NULL,'2026-05-08','2026-05-08 18:37:00'),(179,14,4,'calm',NULL,'2026-05-09','2026-05-09 15:23:00'),(180,14,5,'sad',NULL,'2026-05-10','2026-05-10 09:06:00'),(181,14,3,'tired',NULL,'2026-05-11','2026-05-11 17:57:00'),(182,14,8,'anxious',NULL,'2026-05-12','2026-05-12 12:15:00'),(183,14,8,'anxious',NULL,'2026-05-15','2026-05-15 19:48:00'),(184,14,3,'sad',NULL,'2026-05-16','2026-05-16 08:58:00'),(185,14,5,'anxious',NULL,'2026-05-17','2026-05-17 19:37:00'),(186,14,6,'anxious',NULL,'2026-05-18','2026-05-18 17:53:00'),(187,14,8,'calm',NULL,'2026-05-19','2026-05-19 13:08:00'),(188,14,6,'calm',NULL,'2026-05-20','2026-05-20 22:05:00'),(189,14,8,'tired',NULL,'2026-05-21','2026-05-21 16:58:00'),(190,14,8,'calm',NULL,'2026-05-22','2026-05-22 13:38:00'),(191,14,7,'sad',NULL,'2026-05-24','2026-05-24 17:36:00'),(192,35,8,'tired',NULL,'2026-04-29','2026-04-29 12:39:00'),(193,35,6,'calm',NULL,'2026-04-30','2026-04-30 11:19:00'),(194,35,6,'calm',NULL,'2026-05-01','2026-05-01 09:12:00'),(195,35,6,'tired',NULL,'2026-05-02','2026-05-02 19:13:00'),(196,35,6,'happy',NULL,'2026-05-04','2026-05-04 14:29:00'),(197,35,6,'happy',NULL,'2026-05-05','2026-05-05 12:53:00'),(198,35,8,'happy',NULL,'2026-05-07','2026-05-07 10:06:00'),(199,35,9,'happy',NULL,'2026-05-08','2026-05-08 20:47:00'),(200,35,8,'happy',NULL,'2026-05-10','2026-05-10 14:16:00'),(201,35,6,'tired',NULL,'2026-05-11','2026-05-11 14:46:00'),(202,35,9,'calm',NULL,'2026-05-12','2026-05-12 19:11:00'),(203,35,5,'happy',NULL,'2026-05-13','2026-05-13 16:38:00'),(204,35,9,'happy',NULL,'2026-05-14','2026-05-14 11:41:00'),(205,35,7,'calm',NULL,'2026-05-15','2026-05-15 10:23:00'),(206,35,5,'calm',NULL,'2026-05-17','2026-05-17 13:42:00'),(207,35,9,'tired',NULL,'2026-05-18','2026-05-18 20:07:00'),(208,35,8,'calm',NULL,'2026-05-19','2026-05-19 20:12:00'),(209,35,6,'happy',NULL,'2026-05-21','2026-05-21 20:06:00'),(210,35,8,'calm',NULL,'2026-05-22','2026-05-22 15:01:00'),(211,35,5,'happy',NULL,'2026-05-23','2026-05-23 22:43:00'),(212,35,8,'calm',NULL,'2026-05-24','2026-05-24 18:23:00'),(213,36,2,'sad',NULL,'2026-04-29','2026-04-29 17:46:00'),(214,36,5,'sad',NULL,'2026-04-30','2026-04-30 10:22:00'),(215,36,3,'tired',NULL,'2026-05-01','2026-05-01 14:46:00'),(216,36,4,'anxious',NULL,'2026-05-02','2026-05-02 12:00:00'),(217,36,5,'anxious',NULL,'2026-05-03','2026-05-03 08:24:00'),(218,36,4,'anxious',NULL,'2026-05-05','2026-05-05 22:39:00'),(219,36,4,'sad',NULL,'2026-05-06','2026-05-06 17:25:00'),(220,36,4,'sad',NULL,'2026-05-07','2026-05-07 10:43:00'),(221,36,2,'calm',NULL,'2026-05-08','2026-05-08 17:13:00'),(222,36,4,'tired',NULL,'2026-05-10','2026-05-10 18:55:00'),(223,36,4,'tired',NULL,'2026-05-11','2026-05-11 09:58:00'),(224,36,6,'anxious',NULL,'2026-05-13','2026-05-13 08:17:00'),(225,36,4,'sad',NULL,'2026-05-15','2026-05-15 14:19:00'),(226,36,4,'sad',NULL,'2026-05-16','2026-05-16 15:47:00'),(227,36,3,'tired',NULL,'2026-05-17','2026-05-17 15:01:00'),(228,36,2,'sad',NULL,'2026-05-18','2026-05-18 08:35:00'),(229,36,2,'anxious',NULL,'2026-05-19','2026-05-19 11:37:00'),(230,36,4,'anxious',NULL,'2026-05-20','2026-05-20 08:02:00'),(231,36,3,'sad',NULL,'2026-05-21','2026-05-21 22:22:00'),(232,36,3,'sad',NULL,'2026-05-22','2026-05-22 13:01:00'),(233,36,5,'anxious',NULL,'2026-05-23','2026-05-23 19:21:00'),(234,36,3,'anxious',NULL,'2026-05-24','2026-05-24 16:47:00'),(235,37,5,'calm',NULL,'2026-04-29','2026-04-29 12:32:00'),(236,37,5,'calm',NULL,'2026-04-30','2026-04-30 10:41:00'),(237,37,7,'calm',NULL,'2026-05-01','2026-05-01 19:47:00'),(238,37,7,'tired',NULL,'2026-05-03','2026-05-03 22:42:00'),(239,37,6,'happy',NULL,'2026-05-04','2026-05-04 08:49:00'),(240,37,8,'happy',NULL,'2026-05-05','2026-05-05 10:09:00'),(241,37,9,'calm',NULL,'2026-05-06','2026-05-06 13:41:00'),(242,37,8,'tired',NULL,'2026-05-07','2026-05-07 16:50:00'),(243,37,7,'happy',NULL,'2026-05-08','2026-05-08 18:35:00'),(244,37,9,'calm',NULL,'2026-05-09','2026-05-09 20:32:00'),(245,37,6,'tired',NULL,'2026-05-10','2026-05-10 22:31:00'),(246,37,9,'happy',NULL,'2026-05-12','2026-05-12 09:19:00'),(247,37,8,'calm',NULL,'2026-05-13','2026-05-13 19:30:00'),(248,37,9,'happy',NULL,'2026-05-14','2026-05-14 09:42:00'),(249,37,5,'calm',NULL,'2026-05-15','2026-05-15 09:41:00'),(250,37,9,'tired',NULL,'2026-05-18','2026-05-18 20:49:00'),(251,37,9,'tired',NULL,'2026-05-19','2026-05-19 14:53:00'),(252,37,6,'tired',NULL,'2026-05-20','2026-05-20 16:48:00'),(253,37,5,'happy',NULL,'2026-05-21','2026-05-21 18:49:00'),(254,37,5,'happy',NULL,'2026-05-22','2026-05-22 22:42:00'),(255,37,6,'tired',NULL,'2026-05-23','2026-05-23 15:57:00'),(256,38,7,'anxious',NULL,'2026-04-29','2026-04-29 21:59:00'),(257,38,7,'tired',NULL,'2026-05-01','2026-05-01 22:24:00'),(258,38,3,'tired',NULL,'2026-05-02','2026-05-02 14:19:00'),(259,38,5,'happy',NULL,'2026-05-03','2026-05-03 12:34:00'),(260,38,5,'tired',NULL,'2026-05-04','2026-05-04 14:10:00'),(261,38,6,'tired',NULL,'2026-05-05','2026-05-05 13:20:00'),(262,38,5,'calm',NULL,'2026-05-07','2026-05-07 11:48:00'),(263,38,8,'tired',NULL,'2026-05-08','2026-05-08 09:01:00'),(264,38,6,'anxious',NULL,'2026-05-09','2026-05-09 12:53:00'),(265,38,8,'anxious',NULL,'2026-05-10','2026-05-10 21:27:00'),(266,38,5,'happy',NULL,'2026-05-11','2026-05-11 10:38:00'),(267,38,5,'anxious',NULL,'2026-05-12','2026-05-12 16:24:00'),(268,38,4,'calm',NULL,'2026-05-14','2026-05-14 18:02:00'),(269,38,4,'tired',NULL,'2026-05-15','2026-05-15 13:28:00'),(270,38,4,'anxious',NULL,'2026-05-16','2026-05-16 15:23:00'),(271,38,5,'sad',NULL,'2026-05-18','2026-05-18 18:50:00'),(272,38,7,'happy',NULL,'2026-05-19','2026-05-19 17:39:00'),(273,38,7,'happy',NULL,'2026-05-20','2026-05-20 20:08:00'),(274,38,5,'anxious',NULL,'2026-05-21','2026-05-21 09:24:00'),(275,38,3,'sad',NULL,'2026-05-22','2026-05-22 12:06:00'),(276,38,7,'sad',NULL,'2026-05-24','2026-05-24 21:57:00'),(277,39,8,'happy',NULL,'2026-04-29','2026-04-29 11:24:00'),(278,39,8,'happy',NULL,'2026-04-30','2026-04-30 19:21:00'),(279,39,7,'tired',NULL,'2026-05-02','2026-05-02 10:27:00'),(280,39,5,'happy',NULL,'2026-05-03','2026-05-03 12:23:00'),(281,39,6,'calm',NULL,'2026-05-05','2026-05-05 09:55:00'),(282,39,9,'happy',NULL,'2026-05-06','2026-05-06 22:54:00'),(283,39,8,'tired',NULL,'2026-05-07','2026-05-07 22:13:00'),(284,39,9,'tired',NULL,'2026-05-08','2026-05-08 22:55:00'),(285,39,5,'calm',NULL,'2026-05-09','2026-05-09 21:33:00'),(286,39,5,'tired',NULL,'2026-05-11','2026-05-11 22:46:00'),(287,39,6,'happy',NULL,'2026-05-13','2026-05-13 18:34:00'),(288,39,9,'happy',NULL,'2026-05-15','2026-05-15 21:09:00'),(289,39,8,'calm',NULL,'2026-05-16','2026-05-16 17:17:00'),(290,39,5,'happy',NULL,'2026-05-17','2026-05-17 17:06:00'),(291,39,6,'tired',NULL,'2026-05-18','2026-05-18 14:26:00'),(292,39,5,'calm',NULL,'2026-05-20','2026-05-20 16:45:00'),(293,39,7,'tired',NULL,'2026-05-21','2026-05-21 19:21:00'),(294,39,5,'calm',NULL,'2026-05-22','2026-05-22 17:17:00'),(295,2,7,'tired',NULL,'2026-04-29','2026-04-29 12:44:00'),(296,2,6,'tired',NULL,'2026-05-01','2026-05-01 18:40:00'),(297,2,6,'sad',NULL,'2026-05-02','2026-05-02 11:47:00'),(298,2,8,'sad',NULL,'2026-05-04','2026-05-04 21:52:00'),(299,2,4,'happy',NULL,'2026-05-05','2026-05-05 13:10:00'),(300,2,4,'happy',NULL,'2026-05-07','2026-05-07 13:20:00'),(301,2,8,'calm',NULL,'2026-05-10','2026-05-10 22:29:00'),(302,2,4,'sad',NULL,'2026-05-11','2026-05-11 08:04:00'),(303,2,8,'happy',NULL,'2026-05-12','2026-05-12 18:21:00'),(304,2,7,'tired',NULL,'2026-05-13','2026-05-13 14:36:00'),(305,2,7,'happy',NULL,'2026-05-14','2026-05-14 17:29:00'),(306,2,6,'happy',NULL,'2026-05-17','2026-05-17 10:39:00'),(307,2,3,'happy',NULL,'2026-05-18','2026-05-18 16:44:00'),(308,2,4,'tired',NULL,'2026-05-19','2026-05-19 14:06:00'),(309,2,6,'tired',NULL,'2026-05-20','2026-05-20 20:54:00'),(310,2,5,'sad',NULL,'2026-05-21','2026-05-21 12:42:00'),(311,2,4,'anxious',NULL,'2026-05-22','2026-05-22 19:24:00'),(312,2,8,'anxious',NULL,'2026-05-23','2026-05-23 11:16:00'),(313,2,6,'sad',NULL,'2026-05-24','2026-05-24 21:10:00'),(314,7,7,'happy',NULL,'2026-04-29','2026-04-29 10:56:00'),(315,7,4,'happy',NULL,'2026-04-30','2026-04-30 10:56:00'),(316,7,6,'tired',NULL,'2026-05-03','2026-05-03 13:58:00'),(317,7,6,'calm',NULL,'2026-05-04','2026-05-04 20:10:00'),(318,7,4,'tired',NULL,'2026-05-05','2026-05-05 21:39:00'),(319,7,4,'calm',NULL,'2026-05-06','2026-05-06 13:36:00'),(320,7,4,'tired',NULL,'2026-05-07','2026-05-07 09:32:00'),(321,7,4,'anxious',NULL,'2026-05-08','2026-05-08 16:22:00'),(322,7,5,'anxious',NULL,'2026-05-10','2026-05-10 09:24:00'),(323,7,6,'anxious',NULL,'2026-05-12','2026-05-12 13:23:00'),(324,7,8,'tired',NULL,'2026-05-13','2026-05-13 15:28:00'),(325,7,6,'calm',NULL,'2026-05-14','2026-05-14 20:37:00'),(326,7,8,'tired',NULL,'2026-05-15','2026-05-15 22:29:00'),(327,7,5,'tired',NULL,'2026-05-16','2026-05-16 19:13:00'),(328,7,7,'tired',NULL,'2026-05-17','2026-05-17 20:41:00'),(329,7,5,'calm',NULL,'2026-05-18','2026-05-18 17:30:00'),(330,7,6,'happy',NULL,'2026-05-19','2026-05-19 12:25:00'),(331,7,7,'tired',NULL,'2026-05-20','2026-05-20 14:33:00'),(332,7,4,'anxious',NULL,'2026-05-21','2026-05-21 16:22:00'),(333,7,6,'anxious',NULL,'2026-05-22','2026-05-22 14:23:00'),(334,7,4,'happy',NULL,'2026-05-23','2026-05-23 14:41:00'),(335,7,4,'sad',NULL,'2026-05-24','2026-05-24 17:06:00'),(336,15,6,'calm',NULL,'2026-04-30','2026-04-30 19:31:00'),(337,15,6,'tired',NULL,'2026-05-02','2026-05-02 14:02:00'),(338,15,5,'happy',NULL,'2026-05-03','2026-05-03 11:59:00'),(339,15,7,'anxious',NULL,'2026-05-04','2026-05-04 13:15:00'),(340,15,5,'sad',NULL,'2026-05-06','2026-05-06 21:52:00'),(341,15,7,'calm',NULL,'2026-05-08','2026-05-08 17:23:00'),(342,15,8,'anxious',NULL,'2026-05-10','2026-05-10 19:01:00'),(343,15,5,'tired',NULL,'2026-05-12','2026-05-12 19:35:00'),(344,15,7,'anxious',NULL,'2026-05-14','2026-05-14 17:39:00'),(345,15,4,'anxious',NULL,'2026-05-15','2026-05-15 15:25:00'),(346,15,4,'sad',NULL,'2026-05-16','2026-05-16 08:32:00'),(347,15,4,'calm',NULL,'2026-05-17','2026-05-17 10:05:00'),(348,15,8,'sad',NULL,'2026-05-18','2026-05-18 18:50:00'),(349,15,6,'calm',NULL,'2026-05-20','2026-05-20 22:30:00'),(350,15,6,'calm',NULL,'2026-05-21','2026-05-21 22:13:00'),(351,16,7,'calm',NULL,'2026-05-01','2026-05-01 11:59:00'),(352,16,8,'sad',NULL,'2026-05-02','2026-05-02 21:06:00'),(353,16,5,'happy',NULL,'2026-05-03','2026-05-03 18:01:00'),(354,16,7,'happy',NULL,'2026-05-04','2026-05-04 09:39:00'),(355,16,7,'happy',NULL,'2026-05-06','2026-05-06 10:03:00'),(356,16,6,'happy',NULL,'2026-05-07','2026-05-07 16:51:00'),(357,16,8,'tired',NULL,'2026-05-09','2026-05-09 18:25:00'),(358,16,4,'calm',NULL,'2026-05-10','2026-05-10 16:39:00'),(359,16,6,'anxious',NULL,'2026-05-11','2026-05-11 09:59:00'),(360,16,6,'anxious',NULL,'2026-05-12','2026-05-12 09:12:00'),(361,16,7,'calm',NULL,'2026-05-13','2026-05-13 11:04:00'),(362,16,3,'happy',NULL,'2026-05-14','2026-05-14 13:50:00'),(363,16,5,'sad',NULL,'2026-05-15','2026-05-15 15:09:00'),(364,16,8,'tired',NULL,'2026-05-16','2026-05-16 12:36:00'),(365,16,5,'sad',NULL,'2026-05-17','2026-05-17 18:24:00'),(366,16,5,'tired',NULL,'2026-05-18','2026-05-18 17:58:00'),(367,16,4,'tired',NULL,'2026-05-19','2026-05-19 17:48:00'),(368,16,3,'tired',NULL,'2026-05-21','2026-05-21 20:00:00'),(369,16,3,'anxious',NULL,'2026-05-22','2026-05-22 18:01:00'),(370,16,4,'sad',NULL,'2026-05-23','2026-05-23 08:55:00'),(371,16,6,'anxious',NULL,'2026-05-24','2026-05-24 12:54:00'),(372,18,4,'tired',NULL,'2026-04-29','2026-04-29 09:15:00'),(373,18,7,'calm',NULL,'2026-05-01','2026-05-01 20:40:00'),(374,18,3,'happy',NULL,'2026-05-02','2026-05-02 22:19:00'),(375,18,5,'tired',NULL,'2026-05-03','2026-05-03 11:46:00'),(376,18,5,'happy',NULL,'2026-05-04','2026-05-04 17:27:00'),(377,18,3,'sad',NULL,'2026-05-05','2026-05-05 10:40:00'),(378,18,3,'anxious',NULL,'2026-05-06','2026-05-06 18:10:00'),(379,18,5,'happy',NULL,'2026-05-07','2026-05-07 20:48:00'),(380,18,5,'tired',NULL,'2026-05-08','2026-05-08 21:06:00'),(381,18,8,'anxious',NULL,'2026-05-09','2026-05-09 13:28:00'),(382,18,8,'sad',NULL,'2026-05-10','2026-05-10 20:44:00'),(383,18,4,'calm',NULL,'2026-05-11','2026-05-11 17:46:00'),(384,18,8,'sad',NULL,'2026-05-12','2026-05-12 11:56:00'),(385,18,6,'happy',NULL,'2026-05-13','2026-05-13 14:45:00'),(386,18,3,'happy',NULL,'2026-05-14','2026-05-14 13:17:00'),(387,18,3,'tired',NULL,'2026-05-16','2026-05-16 09:51:00'),(388,18,5,'anxious',NULL,'2026-05-18','2026-05-18 09:31:00'),(389,18,3,'tired',NULL,'2026-05-19','2026-05-19 22:52:00'),(390,18,3,'calm',NULL,'2026-05-20','2026-05-20 22:31:00'),(391,18,5,'happy',NULL,'2026-05-21','2026-05-21 17:46:00'),(392,18,8,'happy',NULL,'2026-05-22','2026-05-22 13:58:00'),(393,18,7,'anxious',NULL,'2026-05-23','2026-05-23 19:18:00'),(394,18,3,'happy',NULL,'2026-05-24','2026-05-24 20:19:00'),(395,5,3,'tired',NULL,'2026-04-29','2026-04-29 10:05:00'),(396,5,4,'tired',NULL,'2026-04-30','2026-04-30 08:37:00'),(397,5,7,'calm',NULL,'2026-05-01','2026-05-01 08:50:00'),(398,5,8,'happy',NULL,'2026-05-02','2026-05-02 08:39:00'),(399,5,8,'calm',NULL,'2026-05-03','2026-05-03 16:08:00'),(400,5,6,'anxious',NULL,'2026-05-04','2026-05-04 15:29:00'),(401,5,7,'happy',NULL,'2026-05-05','2026-05-05 10:16:00'),(402,5,6,'tired',NULL,'2026-05-07','2026-05-07 22:45:00'),(403,5,8,'anxious',NULL,'2026-05-08','2026-05-08 10:05:00'),(404,5,4,'tired',NULL,'2026-05-10','2026-05-10 09:42:00'),(405,5,7,'happy',NULL,'2026-05-11','2026-05-11 17:43:00'),(406,5,6,'happy',NULL,'2026-05-12','2026-05-12 22:34:00'),(407,5,3,'calm',NULL,'2026-05-13','2026-05-13 20:09:00'),(408,5,3,'happy',NULL,'2026-05-14','2026-05-14 15:00:00'),(409,5,7,'anxious',NULL,'2026-05-15','2026-05-15 17:08:00'),(410,5,4,'sad',NULL,'2026-05-16','2026-05-16 10:30:00'),(411,5,5,'happy',NULL,'2026-05-17','2026-05-17 20:31:00'),(412,5,8,'happy',NULL,'2026-05-19','2026-05-19 16:45:00'),(413,5,7,'anxious',NULL,'2026-05-20','2026-05-20 08:49:00'),(414,5,7,'tired',NULL,'2026-05-22','2026-05-22 20:17:00'),(415,5,7,'sad',NULL,'2026-05-24','2026-05-24 19:44:00'),(416,2,7,'calm',NULL,'2026-03-26','2026-03-26 15:28:00'),(417,2,8,'calm',NULL,'2026-03-27','2026-03-27 17:00:00'),(418,2,9,'tired',NULL,'2026-03-28','2026-03-28 11:56:00'),(419,2,8,'calm',NULL,'2026-03-29','2026-03-29 14:04:00'),(420,2,6,'calm',NULL,'2026-04-01','2026-04-01 10:20:00'),(421,2,8,'happy',NULL,'2026-04-02','2026-04-02 08:48:00'),(422,2,8,'calm',NULL,'2026-04-05','2026-04-05 14:12:00'),(423,2,7,'happy',NULL,'2026-04-10','2026-04-10 17:50:00'),(424,2,7,'calm',NULL,'2026-04-12','2026-04-12 16:24:00'),(425,2,9,'calm',NULL,'2026-04-15','2026-04-15 11:47:00'),(426,2,9,'happy',NULL,'2026-04-17','2026-04-17 19:40:00'),(427,2,6,'calm',NULL,'2026-04-20','2026-04-20 21:36:00'),(428,2,8,'calm',NULL,'2026-04-21','2026-04-21 22:14:00'),(429,2,9,'calm',NULL,'2026-04-22','2026-04-22 13:21:00'),(430,2,8,'tired',NULL,'2026-04-23','2026-04-23 12:29:00'),(431,2,7,'calm',NULL,'2026-04-25','2026-04-25 17:32:00'),(432,2,7,'happy',NULL,'2026-04-28','2026-04-28 16:16:00'),(433,2,7,'calm',NULL,'2026-04-30','2026-04-30 11:16:00'),(434,2,9,'tired',NULL,'2026-05-01','2026-05-01 09:53:00'),(435,2,7,'tired',NULL,'2026-05-04','2026-05-04 08:19:00'),(436,2,7,'tired',NULL,'2026-05-06','2026-05-06 19:08:00'),(437,2,7,'calm',NULL,'2026-05-07','2026-05-07 11:20:00'),(438,2,7,'calm',NULL,'2026-05-10','2026-05-10 08:39:00'),(439,2,9,'happy',NULL,'2026-05-11','2026-05-11 09:24:00'),(440,2,6,'happy',NULL,'2026-05-12','2026-05-12 20:36:00'),(441,2,8,'happy',NULL,'2026-05-13','2026-05-13 19:49:00'),(442,2,8,'tired',NULL,'2026-05-14','2026-05-14 10:55:00'),(443,2,6,'calm',NULL,'2026-05-15','2026-05-15 18:20:00'),(444,2,7,'happy',NULL,'2026-05-17','2026-05-17 14:49:00'),(445,2,6,'calm',NULL,'2026-05-18','2026-05-18 16:59:00'),(446,2,8,'happy',NULL,'2026-05-19','2026-05-19 12:20:00'),(447,2,8,'calm',NULL,'2026-05-20','2026-05-20 18:11:00'),(448,2,8,'tired',NULL,'2026-05-21','2026-05-21 16:10:00'),(449,2,6,'calm',NULL,'2026-05-24','2026-05-24 11:08:00'),(450,3,8,'calm',NULL,'2026-03-27','2026-03-27 12:20:00'),(451,3,7,'calm',NULL,'2026-03-28','2026-03-28 15:57:00'),(452,3,7,'calm',NULL,'2026-03-29','2026-03-29 20:18:00'),(453,3,7,'tired',NULL,'2026-03-30','2026-03-30 10:29:00'),(454,3,6,'calm',NULL,'2026-04-01','2026-04-01 16:28:00'),(455,3,5,'happy',NULL,'2026-04-02','2026-04-02 20:23:00'),(456,3,5,'happy',NULL,'2026-04-03','2026-04-03 20:02:00'),(457,3,9,'happy',NULL,'2026-04-04','2026-04-04 20:15:00'),(458,3,5,'happy',NULL,'2026-04-05','2026-04-05 10:35:00'),(459,3,7,'calm',NULL,'2026-04-06','2026-04-06 11:32:00'),(460,3,6,'calm',NULL,'2026-04-07','2026-04-07 19:16:00'),(461,3,7,'calm',NULL,'2026-04-09','2026-04-09 19:53:00'),(462,3,9,'happy',NULL,'2026-04-10','2026-04-10 16:42:00'),(463,3,6,'calm',NULL,'2026-04-11','2026-04-11 13:21:00'),(464,3,6,'calm',NULL,'2026-04-15','2026-04-15 19:45:00'),(465,3,7,'happy',NULL,'2026-04-16','2026-04-16 18:10:00'),(466,3,5,'tired',NULL,'2026-04-17','2026-04-17 15:27:00'),(467,3,5,'happy',NULL,'2026-04-19','2026-04-19 21:52:00'),(468,3,8,'tired',NULL,'2026-04-21','2026-04-21 21:43:00'),(469,3,8,'happy',NULL,'2026-04-22','2026-04-22 11:21:00'),(470,3,5,'happy',NULL,'2026-04-24','2026-04-24 12:21:00'),(471,3,6,'calm',NULL,'2026-04-25','2026-04-25 10:41:00'),(472,3,5,'happy',NULL,'2026-04-27','2026-04-27 11:26:00'),(473,3,7,'calm',NULL,'2026-04-28','2026-04-28 15:14:00'),(474,3,8,'happy',NULL,'2026-04-29','2026-04-29 13:47:00'),(475,3,9,'happy',NULL,'2026-05-02','2026-05-02 09:45:00'),(476,3,5,'calm',NULL,'2026-05-03','2026-05-03 11:14:00'),(477,3,8,'calm',NULL,'2026-05-04','2026-05-04 15:37:00'),(478,3,8,'tired',NULL,'2026-05-05','2026-05-05 16:23:00'),(479,3,6,'happy',NULL,'2026-05-06','2026-05-06 16:55:00'),(480,3,7,'happy',NULL,'2026-05-07','2026-05-07 09:15:00'),(481,3,9,'calm',NULL,'2026-05-08','2026-05-08 17:57:00'),(482,3,9,'tired',NULL,'2026-05-09','2026-05-09 22:29:00'),(483,3,5,'calm',NULL,'2026-05-11','2026-05-11 20:26:00'),(484,3,8,'happy',NULL,'2026-05-12','2026-05-12 17:14:00'),(485,3,8,'calm',NULL,'2026-05-14','2026-05-14 15:56:00'),(486,3,5,'calm',NULL,'2026-05-15','2026-05-15 17:22:00'),(487,3,7,'tired',NULL,'2026-05-16','2026-05-16 16:56:00'),(488,3,5,'calm',NULL,'2026-05-17','2026-05-17 09:31:00'),(489,3,8,'happy',NULL,'2026-05-18','2026-05-18 14:01:00'),(490,3,8,'calm',NULL,'2026-05-20','2026-05-20 15:52:00'),(491,3,6,'tired',NULL,'2026-05-21','2026-05-21 11:04:00'),(492,3,8,'happy',NULL,'2026-05-22','2026-05-22 09:50:00'),(493,3,8,'tired',NULL,'2026-05-23','2026-05-23 08:49:00'),(494,3,7,'calm',NULL,'2026-05-24','2026-05-24 15:24:00'),(495,5,6,'tired',NULL,'2026-03-25','2026-03-25 21:14:00'),(496,5,4,'sad',NULL,'2026-03-27','2026-03-27 16:38:00'),(497,5,7,'tired',NULL,'2026-03-28','2026-03-28 11:31:00'),(498,5,5,'tired',NULL,'2026-03-30','2026-03-30 15:35:00'),(499,5,5,'happy',NULL,'2026-04-01','2026-04-01 15:24:00'),(500,5,6,'anxious',NULL,'2026-04-02','2026-04-02 13:45:00'),(501,5,8,'anxious',NULL,'2026-04-03','2026-04-03 21:08:00'),(502,5,4,'sad',NULL,'2026-04-04','2026-04-04 10:10:00'),(503,5,7,'sad',NULL,'2026-04-05','2026-04-05 11:32:00'),(504,5,4,'tired',NULL,'2026-04-06','2026-04-06 21:59:00'),(505,5,7,'calm',NULL,'2026-04-07','2026-04-07 08:18:00'),(506,5,6,'sad',NULL,'2026-04-08','2026-04-08 14:55:00'),(507,5,5,'calm',NULL,'2026-04-10','2026-04-10 09:47:00'),(508,5,8,'tired',NULL,'2026-04-11','2026-04-11 20:13:00'),(509,5,4,'tired',NULL,'2026-04-13','2026-04-13 18:22:00'),(510,5,4,'anxious',NULL,'2026-04-14','2026-04-14 09:31:00'),(511,5,8,'happy',NULL,'2026-04-16','2026-04-16 17:51:00'),(512,5,5,'tired',NULL,'2026-04-18','2026-04-18 16:26:00'),(513,5,8,'anxious',NULL,'2026-04-20','2026-04-20 12:01:00'),(514,5,4,'calm',NULL,'2026-04-21','2026-04-21 18:10:00'),(515,5,4,'anxious',NULL,'2026-04-22','2026-04-22 09:16:00'),(516,5,4,'tired',NULL,'2026-04-23','2026-04-23 14:25:00'),(517,5,6,'sad',NULL,'2026-04-24','2026-04-24 20:29:00'),(518,5,4,'happy',NULL,'2026-04-25','2026-04-25 22:37:00'),(519,5,8,'sad',NULL,'2026-04-26','2026-04-26 20:46:00'),(520,5,4,'calm',NULL,'2026-04-27','2026-04-27 20:19:00'),(521,5,6,'anxious',NULL,'2026-04-29','2026-04-29 18:46:00'),(522,5,7,'tired',NULL,'2026-04-30','2026-04-30 08:52:00'),(523,5,4,'tired',NULL,'2026-05-03','2026-05-03 10:47:00'),(524,5,4,'anxious',NULL,'2026-05-04','2026-05-04 12:43:00'),(525,5,5,'tired',NULL,'2026-05-05','2026-05-05 20:25:00'),(526,5,4,'sad',NULL,'2026-05-07','2026-05-07 18:01:00'),(527,5,5,'sad',NULL,'2026-05-08','2026-05-08 22:52:00'),(528,5,7,'calm',NULL,'2026-05-09','2026-05-09 09:06:00'),(529,5,5,'tired',NULL,'2026-05-10','2026-05-10 09:22:00'),(530,5,4,'happy',NULL,'2026-05-12','2026-05-12 15:45:00'),(531,5,6,'anxious',NULL,'2026-05-14','2026-05-14 20:06:00'),(532,5,5,'happy',NULL,'2026-05-15','2026-05-15 20:15:00'),(533,5,5,'calm',NULL,'2026-05-18','2026-05-18 19:17:00'),(534,5,4,'happy',NULL,'2026-05-20','2026-05-20 11:50:00'),(535,5,4,'anxious',NULL,'2026-05-22','2026-05-22 11:41:00'),(536,5,8,'tired',NULL,'2026-05-23','2026-05-23 16:50:00'),(537,5,4,'calm',NULL,'2026-05-24','2026-05-24 18:48:00'),(538,6,4,'sad',NULL,'2026-03-26','2026-03-26 13:00:00'),(539,6,4,'happy',NULL,'2026-03-28','2026-03-28 14:03:00'),(540,6,8,'sad',NULL,'2026-03-29','2026-03-29 16:25:00'),(541,6,5,'tired',NULL,'2026-03-30','2026-03-30 20:51:00'),(542,6,6,'sad',NULL,'2026-03-31','2026-03-31 13:59:00'),(543,6,6,'tired',NULL,'2026-04-01','2026-04-01 13:07:00'),(544,6,7,'happy',NULL,'2026-04-02','2026-04-02 08:32:00'),(545,6,7,'happy',NULL,'2026-04-03','2026-04-03 09:20:00'),(546,6,7,'sad',NULL,'2026-04-04','2026-04-04 21:36:00'),(547,6,6,'happy',NULL,'2026-04-05','2026-04-05 13:46:00'),(548,6,8,'tired',NULL,'2026-04-06','2026-04-06 10:11:00'),(549,6,4,'anxious',NULL,'2026-04-07','2026-04-07 10:10:00'),(550,6,5,'happy',NULL,'2026-04-10','2026-04-10 11:07:00'),(551,6,8,'anxious',NULL,'2026-04-11','2026-04-11 11:40:00'),(552,6,6,'happy',NULL,'2026-04-12','2026-04-12 12:04:00'),(553,6,8,'anxious',NULL,'2026-04-16','2026-04-16 20:03:00'),(554,6,7,'tired',NULL,'2026-04-17','2026-04-17 08:04:00'),(555,6,8,'anxious',NULL,'2026-04-18','2026-04-18 21:00:00'),(556,6,4,'calm',NULL,'2026-04-21','2026-04-21 14:52:00'),(557,6,6,'sad',NULL,'2026-04-22','2026-04-22 13:12:00'),(558,6,8,'tired',NULL,'2026-04-23','2026-04-23 12:56:00'),(559,6,7,'happy',NULL,'2026-04-24','2026-04-24 08:27:00'),(560,6,6,'happy',NULL,'2026-04-25','2026-04-25 17:48:00'),(561,6,8,'happy',NULL,'2026-04-26','2026-04-26 15:54:00'),(562,6,5,'anxious',NULL,'2026-04-30','2026-04-30 22:56:00'),(563,6,8,'happy',NULL,'2026-05-01','2026-05-01 21:40:00'),(564,6,4,'happy',NULL,'2026-05-02','2026-05-02 18:23:00'),(565,6,7,'calm',NULL,'2026-05-03','2026-05-03 17:26:00'),(566,6,6,'tired',NULL,'2026-05-04','2026-05-04 15:59:00'),(567,6,7,'happy',NULL,'2026-05-05','2026-05-05 16:15:00'),(568,6,6,'sad',NULL,'2026-05-06','2026-05-06 21:39:00'),(569,6,7,'sad',NULL,'2026-05-07','2026-05-07 14:57:00'),(570,6,6,'tired',NULL,'2026-05-08','2026-05-08 16:16:00'),(571,6,6,'happy',NULL,'2026-05-09','2026-05-09 18:46:00'),(572,6,4,'happy',NULL,'2026-05-11','2026-05-11 08:00:00'),(573,6,8,'tired',NULL,'2026-05-13','2026-05-13 14:28:00'),(574,6,5,'anxious',NULL,'2026-05-15','2026-05-15 21:39:00'),(575,6,6,'tired',NULL,'2026-05-18','2026-05-18 09:25:00'),(576,6,7,'calm',NULL,'2026-05-20','2026-05-20 22:19:00'),(577,6,6,'anxious',NULL,'2026-05-23','2026-05-23 15:24:00'),(578,6,6,'happy',NULL,'2026-05-24','2026-05-24 18:34:00'),(579,7,4,'calm',NULL,'2026-03-25','2026-03-25 08:06:00'),(580,7,7,'happy',NULL,'2026-03-29','2026-03-29 08:07:00'),(581,7,7,'anxious',NULL,'2026-03-31','2026-03-31 09:26:00'),(582,7,5,'calm',NULL,'2026-04-01','2026-04-01 17:49:00'),(583,7,8,'happy',NULL,'2026-04-02','2026-04-02 15:07:00'),(584,7,7,'tired',NULL,'2026-04-03','2026-04-03 13:23:00'),(585,7,7,'calm',NULL,'2026-04-06','2026-04-06 18:51:00'),(586,7,5,'anxious',NULL,'2026-04-08','2026-04-08 12:12:00'),(587,7,7,'happy',NULL,'2026-04-09','2026-04-09 10:24:00'),(588,7,6,'calm',NULL,'2026-04-11','2026-04-11 19:13:00'),(589,7,7,'tired',NULL,'2026-04-14','2026-04-14 19:18:00'),(590,7,6,'sad',NULL,'2026-04-15','2026-04-15 16:00:00'),(591,7,7,'calm',NULL,'2026-04-18','2026-04-18 22:54:00'),(592,7,4,'tired',NULL,'2026-04-19','2026-04-19 21:13:00'),(593,7,7,'anxious',NULL,'2026-04-20','2026-04-20 21:18:00'),(594,7,4,'calm',NULL,'2026-04-21','2026-04-21 20:02:00'),(595,7,4,'tired',NULL,'2026-04-22','2026-04-22 19:32:00'),(596,7,4,'happy',NULL,'2026-04-24','2026-04-24 20:07:00'),(597,7,8,'happy',NULL,'2026-04-25','2026-04-25 22:05:00'),(598,7,8,'sad',NULL,'2026-04-26','2026-04-26 16:27:00'),(599,7,8,'happy',NULL,'2026-04-30','2026-04-30 09:19:00'),(600,7,5,'calm',NULL,'2026-05-01','2026-05-01 14:56:00'),(601,7,8,'sad',NULL,'2026-05-02','2026-05-02 17:35:00'),(602,7,8,'happy',NULL,'2026-05-03','2026-05-03 08:09:00'),(603,7,7,'calm',NULL,'2026-05-04','2026-05-04 12:32:00'),(604,7,6,'happy',NULL,'2026-05-05','2026-05-05 10:48:00'),(605,7,6,'sad',NULL,'2026-05-06','2026-05-06 16:37:00'),(606,7,8,'happy',NULL,'2026-05-07','2026-05-07 21:04:00'),(607,7,7,'calm',NULL,'2026-05-08','2026-05-08 13:44:00'),(608,7,8,'anxious',NULL,'2026-05-09','2026-05-09 15:54:00'),(609,7,7,'calm',NULL,'2026-05-11','2026-05-11 14:13:00'),(610,7,4,'calm',NULL,'2026-05-12','2026-05-12 12:09:00'),(611,7,8,'happy',NULL,'2026-05-17','2026-05-17 20:21:00'),(612,7,5,'tired',NULL,'2026-05-18','2026-05-18 10:39:00'),(613,7,6,'anxious',NULL,'2026-05-19','2026-05-19 16:27:00'),(614,7,7,'tired',NULL,'2026-05-20','2026-05-20 13:58:00'),(615,7,8,'calm',NULL,'2026-05-21','2026-05-21 16:35:00'),(616,7,5,'happy',NULL,'2026-05-22','2026-05-22 17:50:00'),(617,7,5,'calm',NULL,'2026-05-23','2026-05-23 11:47:00'),(618,7,8,'anxious',NULL,'2026-05-24','2026-05-24 16:48:00'),(619,8,8,'happy',NULL,'2026-03-25','2026-03-25 18:28:00'),(620,8,7,'happy',NULL,'2026-03-28','2026-03-28 21:35:00'),(621,8,6,'happy',NULL,'2026-03-29','2026-03-29 20:49:00'),(622,8,6,'calm',NULL,'2026-03-30','2026-03-30 21:49:00'),(623,8,9,'calm',NULL,'2026-04-04','2026-04-04 21:47:00'),(624,8,5,'calm',NULL,'2026-04-05','2026-04-05 14:15:00'),(625,8,9,'calm',NULL,'2026-04-07','2026-04-07 18:52:00'),(626,8,7,'happy',NULL,'2026-04-08','2026-04-08 21:48:00'),(627,8,6,'calm',NULL,'2026-04-09','2026-04-09 09:51:00'),(628,8,6,'happy',NULL,'2026-04-10','2026-04-10 18:27:00'),(629,8,8,'calm',NULL,'2026-04-11','2026-04-11 09:05:00'),(630,8,6,'happy',NULL,'2026-04-12','2026-04-12 22:36:00'),(631,8,6,'happy',NULL,'2026-04-16','2026-04-16 08:27:00'),(632,8,6,'tired',NULL,'2026-04-17','2026-04-17 10:48:00'),(633,8,9,'calm',NULL,'2026-04-18','2026-04-18 15:37:00'),(634,8,7,'tired',NULL,'2026-04-19','2026-04-19 16:24:00'),(635,8,8,'happy',NULL,'2026-04-21','2026-04-21 08:35:00'),(636,8,8,'calm',NULL,'2026-04-22','2026-04-22 17:24:00'),(637,8,9,'calm',NULL,'2026-04-23','2026-04-23 10:14:00'),(638,8,7,'happy',NULL,'2026-04-24','2026-04-24 09:11:00'),(639,8,9,'happy',NULL,'2026-04-25','2026-04-25 14:49:00'),(640,8,7,'calm',NULL,'2026-04-28','2026-04-28 21:18:00'),(641,8,5,'tired',NULL,'2026-05-01','2026-05-01 16:58:00'),(642,8,7,'happy',NULL,'2026-05-03','2026-05-03 12:47:00'),(643,8,8,'happy',NULL,'2026-05-04','2026-05-04 15:50:00'),(644,8,9,'tired',NULL,'2026-05-05','2026-05-05 14:07:00'),(645,8,5,'tired',NULL,'2026-05-06','2026-05-06 08:42:00'),(646,8,9,'happy',NULL,'2026-05-07','2026-05-07 18:35:00'),(647,8,8,'calm',NULL,'2026-05-08','2026-05-08 18:21:00'),(648,8,6,'calm',NULL,'2026-05-10','2026-05-10 19:31:00'),(649,8,7,'tired',NULL,'2026-05-11','2026-05-11 16:08:00'),(650,8,8,'happy',NULL,'2026-05-12','2026-05-12 08:33:00'),(651,8,6,'happy',NULL,'2026-05-14','2026-05-14 16:39:00'),(652,8,9,'tired',NULL,'2026-05-15','2026-05-15 14:05:00'),(653,8,5,'calm',NULL,'2026-05-16','2026-05-16 22:05:00'),(654,8,6,'calm',NULL,'2026-05-18','2026-05-18 21:54:00'),(655,8,5,'happy',NULL,'2026-05-19','2026-05-19 14:33:00'),(656,8,8,'happy',NULL,'2026-05-20','2026-05-20 17:55:00'),(657,8,6,'calm',NULL,'2026-05-21','2026-05-21 22:46:00'),(658,8,7,'happy',NULL,'2026-05-22','2026-05-22 18:04:00'),(659,8,6,'tired',NULL,'2026-05-23','2026-05-23 20:41:00'),(660,8,9,'calm',NULL,'2026-05-24','2026-05-24 22:44:00'),(661,10,6,'calm',NULL,'2026-03-25','2026-03-25 19:23:00'),(662,10,7,'tired',NULL,'2026-03-26','2026-03-26 08:48:00'),(663,10,7,'calm',NULL,'2026-03-28','2026-03-28 09:32:00'),(664,10,5,'happy',NULL,'2026-03-29','2026-03-29 15:25:00'),(665,10,9,'calm',NULL,'2026-03-30','2026-03-30 09:56:00'),(666,10,5,'calm',NULL,'2026-03-31','2026-03-31 22:13:00'),(667,10,9,'happy',NULL,'2026-04-02','2026-04-02 12:35:00'),(668,10,5,'tired',NULL,'2026-04-03','2026-04-03 20:50:00'),(669,10,7,'tired',NULL,'2026-04-04','2026-04-04 08:18:00'),(670,10,5,'happy',NULL,'2026-04-06','2026-04-06 19:59:00'),(671,10,7,'happy',NULL,'2026-04-07','2026-04-07 16:58:00'),(672,10,7,'happy',NULL,'2026-04-10','2026-04-10 22:46:00'),(673,10,9,'happy',NULL,'2026-04-11','2026-04-11 14:02:00'),(674,10,8,'calm',NULL,'2026-04-12','2026-04-12 21:33:00'),(675,10,8,'calm',NULL,'2026-04-14','2026-04-14 17:12:00'),(676,10,6,'calm',NULL,'2026-04-15','2026-04-15 18:00:00'),(677,10,5,'happy',NULL,'2026-04-16','2026-04-16 19:44:00'),(678,10,6,'calm',NULL,'2026-04-18','2026-04-18 16:37:00'),(679,10,9,'happy',NULL,'2026-04-19','2026-04-19 16:25:00'),(680,10,8,'tired',NULL,'2026-04-22','2026-04-22 11:35:00'),(681,10,9,'calm',NULL,'2026-04-24','2026-04-24 19:52:00'),(682,10,7,'calm',NULL,'2026-04-25','2026-04-25 19:54:00'),(683,10,5,'tired',NULL,'2026-04-27','2026-04-27 22:13:00'),(684,10,6,'happy',NULL,'2026-04-30','2026-04-30 10:04:00'),(685,10,5,'calm',NULL,'2026-05-01','2026-05-01 16:27:00'),(686,10,7,'calm',NULL,'2026-05-02','2026-05-02 15:48:00'),(687,10,7,'calm',NULL,'2026-05-03','2026-05-03 14:51:00'),(688,10,9,'calm',NULL,'2026-05-05','2026-05-05 22:25:00'),(689,10,5,'happy',NULL,'2026-05-08','2026-05-08 20:13:00'),(690,10,6,'calm',NULL,'2026-05-10','2026-05-10 18:38:00'),(691,10,7,'tired',NULL,'2026-05-11','2026-05-11 08:37:00'),(692,10,8,'calm',NULL,'2026-05-12','2026-05-12 13:10:00'),(693,10,9,'tired',NULL,'2026-05-13','2026-05-13 20:21:00'),(694,10,7,'happy',NULL,'2026-05-14','2026-05-14 08:27:00'),(695,10,6,'tired',NULL,'2026-05-15','2026-05-15 13:26:00'),(696,10,6,'happy',NULL,'2026-05-18','2026-05-18 14:29:00'),(697,10,5,'happy',NULL,'2026-05-19','2026-05-19 21:36:00'),(698,10,6,'happy',NULL,'2026-05-21','2026-05-21 16:17:00'),(699,11,5,'happy',NULL,'2026-03-25','2026-03-25 08:10:00'),(700,11,9,'happy',NULL,'2026-03-26','2026-03-26 08:50:00'),(701,11,6,'happy',NULL,'2026-03-27','2026-03-27 10:59:00'),(702,11,6,'happy',NULL,'2026-03-30','2026-03-30 15:54:00'),(703,11,5,'tired',NULL,'2026-03-31','2026-03-31 18:22:00'),(704,11,9,'happy',NULL,'2026-04-02','2026-04-02 08:14:00'),(705,11,7,'calm',NULL,'2026-04-03','2026-04-03 21:10:00'),(706,11,5,'calm',NULL,'2026-04-04','2026-04-04 16:39:00'),(707,11,8,'calm',NULL,'2026-04-05','2026-04-05 20:45:00'),(708,11,8,'happy',NULL,'2026-04-06','2026-04-06 16:09:00'),(709,11,6,'calm',NULL,'2026-04-11','2026-04-11 19:39:00'),(710,11,6,'happy',NULL,'2026-04-12','2026-04-12 10:05:00'),(711,11,8,'happy',NULL,'2026-04-14','2026-04-14 22:01:00'),(712,11,7,'happy',NULL,'2026-04-15','2026-04-15 21:01:00'),(713,11,6,'calm',NULL,'2026-04-16','2026-04-16 10:30:00'),(714,11,8,'happy',NULL,'2026-04-17','2026-04-17 17:57:00'),(715,11,6,'happy',NULL,'2026-04-19','2026-04-19 15:41:00'),(716,11,9,'happy',NULL,'2026-04-21','2026-04-21 16:24:00'),(717,11,7,'calm',NULL,'2026-04-23','2026-04-23 20:59:00'),(718,11,9,'calm',NULL,'2026-04-24','2026-04-24 10:44:00'),(719,11,7,'tired',NULL,'2026-04-28','2026-04-28 12:29:00'),(720,11,6,'calm',NULL,'2026-04-30','2026-04-30 16:32:00'),(721,11,5,'happy',NULL,'2026-05-02','2026-05-02 19:30:00'),(722,11,7,'calm',NULL,'2026-05-04','2026-05-04 22:19:00'),(723,11,5,'happy',NULL,'2026-05-05','2026-05-05 16:40:00'),(724,11,5,'calm',NULL,'2026-05-06','2026-05-06 16:22:00'),(725,11,9,'tired',NULL,'2026-05-09','2026-05-09 12:03:00'),(726,11,7,'happy',NULL,'2026-05-11','2026-05-11 15:56:00'),(727,11,6,'tired',NULL,'2026-05-13','2026-05-13 15:54:00'),(728,11,5,'happy',NULL,'2026-05-14','2026-05-14 13:27:00'),(729,11,5,'happy',NULL,'2026-05-15','2026-05-15 14:44:00'),(730,11,9,'calm',NULL,'2026-05-16','2026-05-16 08:45:00'),(731,11,9,'calm',NULL,'2026-05-17','2026-05-17 21:06:00'),(732,11,7,'happy',NULL,'2026-05-18','2026-05-18 22:22:00'),(733,11,8,'calm',NULL,'2026-05-19','2026-05-19 20:26:00'),(734,11,8,'calm',NULL,'2026-05-20','2026-05-20 08:02:00'),(735,11,9,'happy',NULL,'2026-05-22','2026-05-22 13:20:00'),(736,11,9,'happy',NULL,'2026-05-23','2026-05-23 16:10:00'),(737,11,6,'tired',NULL,'2026-05-24','2026-05-24 21:13:00'),(738,12,9,'calm',NULL,'2026-03-26','2026-03-26 18:58:00'),(739,12,6,'happy',NULL,'2026-04-01','2026-04-01 08:30:00'),(740,12,6,'happy',NULL,'2026-04-03','2026-04-03 15:15:00'),(741,12,6,'calm',NULL,'2026-04-04','2026-04-04 10:11:00'),(742,12,9,'calm',NULL,'2026-04-05','2026-04-05 22:35:00'),(743,12,7,'happy',NULL,'2026-04-06','2026-04-06 10:19:00'),(744,12,6,'happy',NULL,'2026-04-08','2026-04-08 20:02:00'),(745,12,5,'happy',NULL,'2026-04-09','2026-04-09 15:30:00'),(746,12,9,'tired',NULL,'2026-04-10','2026-04-10 21:44:00'),(747,12,7,'happy',NULL,'2026-04-11','2026-04-11 20:48:00'),(748,12,9,'happy',NULL,'2026-04-14','2026-04-14 18:14:00'),(749,12,6,'happy',NULL,'2026-04-15','2026-04-15 22:15:00'),(750,12,6,'calm',NULL,'2026-04-16','2026-04-16 20:47:00'),(751,12,7,'happy',NULL,'2026-04-18','2026-04-18 21:34:00'),(752,12,8,'calm',NULL,'2026-04-19','2026-04-19 10:58:00'),(753,12,9,'calm',NULL,'2026-04-20','2026-04-20 16:18:00'),(754,12,5,'calm',NULL,'2026-04-22','2026-04-22 13:43:00'),(755,12,8,'calm',NULL,'2026-04-23','2026-04-23 17:54:00'),(756,12,7,'happy',NULL,'2026-04-24','2026-04-24 08:10:00'),(757,12,7,'happy',NULL,'2026-04-25','2026-04-25 22:14:00'),(758,12,8,'happy',NULL,'2026-04-26','2026-04-26 16:16:00'),(759,12,7,'calm',NULL,'2026-04-29','2026-04-29 21:32:00'),(760,12,6,'calm',NULL,'2026-04-30','2026-04-30 17:45:00'),(761,12,9,'tired',NULL,'2026-05-01','2026-05-01 11:20:00'),(762,12,7,'happy',NULL,'2026-05-02','2026-05-02 17:37:00'),(763,12,7,'happy',NULL,'2026-05-04','2026-05-04 08:32:00'),(764,12,9,'tired',NULL,'2026-05-05','2026-05-05 15:54:00'),(765,12,9,'happy',NULL,'2026-05-08','2026-05-08 20:17:00'),(766,12,6,'tired',NULL,'2026-05-09','2026-05-09 17:38:00'),(767,12,5,'happy',NULL,'2026-05-10','2026-05-10 11:52:00'),(768,12,5,'happy',NULL,'2026-05-11','2026-05-11 08:45:00'),(769,12,5,'calm',NULL,'2026-05-13','2026-05-13 10:17:00'),(770,12,6,'calm',NULL,'2026-05-14','2026-05-14 15:17:00'),(771,12,6,'happy',NULL,'2026-05-16','2026-05-16 12:45:00'),(772,12,7,'calm',NULL,'2026-05-19','2026-05-19 15:07:00'),(773,12,8,'calm',NULL,'2026-05-21','2026-05-21 19:26:00'),(774,12,6,'calm',NULL,'2026-05-22','2026-05-22 08:21:00'),(775,12,5,'happy',NULL,'2026-05-23','2026-05-23 20:04:00'),(776,12,7,'happy',NULL,'2026-05-24','2026-05-24 10:29:00'),(777,14,5,'calm',NULL,'2026-03-25','2026-03-25 17:51:00'),(778,14,7,'happy',NULL,'2026-03-26','2026-03-26 19:47:00'),(779,14,9,'happy',NULL,'2026-03-28','2026-03-28 19:40:00'),(780,14,5,'calm',NULL,'2026-03-30','2026-03-30 16:32:00'),(781,14,6,'calm',NULL,'2026-03-31','2026-03-31 18:08:00'),(782,14,9,'calm',NULL,'2026-04-06','2026-04-06 08:30:00'),(783,14,5,'calm',NULL,'2026-04-07','2026-04-07 15:29:00'),(784,14,7,'calm',NULL,'2026-04-08','2026-04-08 19:57:00'),(785,14,5,'happy',NULL,'2026-04-10','2026-04-10 12:45:00'),(786,14,6,'tired',NULL,'2026-04-12','2026-04-12 11:38:00'),(787,14,6,'tired',NULL,'2026-04-13','2026-04-13 22:30:00'),(788,14,6,'calm',NULL,'2026-04-14','2026-04-14 17:02:00'),(789,14,8,'calm',NULL,'2026-04-15','2026-04-15 08:27:00'),(790,14,5,'happy',NULL,'2026-04-16','2026-04-16 22:24:00'),(791,14,8,'happy',NULL,'2026-04-17','2026-04-17 16:07:00'),(792,14,5,'tired',NULL,'2026-04-22','2026-04-22 22:52:00'),(793,14,6,'tired',NULL,'2026-04-23','2026-04-23 21:43:00'),(794,14,5,'calm',NULL,'2026-04-27','2026-04-27 08:41:00'),(795,14,7,'tired',NULL,'2026-04-29','2026-04-29 14:15:00'),(796,14,6,'calm',NULL,'2026-04-30','2026-04-30 21:49:00'),(797,14,8,'calm',NULL,'2026-05-01','2026-05-01 19:14:00'),(798,14,6,'happy',NULL,'2026-05-02','2026-05-02 16:49:00'),(799,14,5,'calm',NULL,'2026-05-07','2026-05-07 20:00:00'),(800,14,5,'happy',NULL,'2026-05-09','2026-05-09 14:34:00'),(801,14,8,'happy',NULL,'2026-05-10','2026-05-10 15:06:00'),(802,14,8,'happy',NULL,'2026-05-13','2026-05-13 16:28:00'),(803,14,9,'calm',NULL,'2026-05-14','2026-05-14 19:21:00'),(804,14,5,'happy',NULL,'2026-05-17','2026-05-17 21:51:00'),(805,14,5,'calm',NULL,'2026-05-20','2026-05-20 19:21:00'),(806,14,8,'calm',NULL,'2026-05-22','2026-05-22 16:51:00'),(807,14,5,'happy',NULL,'2026-05-23','2026-05-23 22:58:00'),(808,15,9,'tired',NULL,'2026-03-25','2026-03-25 11:21:00'),(809,15,7,'calm',NULL,'2026-03-26','2026-03-26 12:15:00'),(810,15,7,'happy',NULL,'2026-03-27','2026-03-27 16:07:00'),(811,15,7,'calm',NULL,'2026-03-28','2026-03-28 15:36:00'),(812,15,8,'tired',NULL,'2026-03-29','2026-03-29 15:21:00'),(813,15,7,'happy',NULL,'2026-03-31','2026-03-31 16:02:00'),(814,15,9,'happy',NULL,'2026-04-03','2026-04-03 21:37:00'),(815,15,7,'happy',NULL,'2026-04-07','2026-04-07 16:10:00'),(816,15,8,'happy',NULL,'2026-04-08','2026-04-08 11:29:00'),(817,15,9,'calm',NULL,'2026-04-11','2026-04-11 16:39:00'),(818,15,7,'happy',NULL,'2026-04-12','2026-04-12 15:01:00'),(819,15,8,'happy',NULL,'2026-04-13','2026-04-13 10:49:00'),(820,15,8,'tired',NULL,'2026-04-14','2026-04-14 08:11:00'),(821,15,6,'tired',NULL,'2026-04-17','2026-04-17 20:27:00'),(822,15,7,'happy',NULL,'2026-04-18','2026-04-18 22:02:00'),(823,15,9,'calm',NULL,'2026-04-19','2026-04-19 18:39:00'),(824,15,8,'calm',NULL,'2026-04-21','2026-04-21 21:54:00'),(825,15,8,'happy',NULL,'2026-04-24','2026-04-24 19:43:00'),(826,15,7,'happy',NULL,'2026-04-25','2026-04-25 22:03:00'),(827,15,6,'calm',NULL,'2026-04-28','2026-04-28 22:40:00'),(828,15,9,'happy',NULL,'2026-04-29','2026-04-29 21:27:00'),(829,15,7,'tired',NULL,'2026-04-30','2026-04-30 14:37:00'),(830,15,9,'tired',NULL,'2026-05-01','2026-05-01 08:29:00'),(831,15,6,'calm',NULL,'2026-05-04','2026-05-04 16:20:00'),(832,15,7,'calm',NULL,'2026-05-06','2026-05-06 09:39:00'),(833,15,7,'calm',NULL,'2026-05-07','2026-05-07 15:53:00'),(834,15,6,'tired',NULL,'2026-05-08','2026-05-08 19:42:00'),(835,15,9,'happy',NULL,'2026-05-09','2026-05-09 18:39:00'),(836,15,6,'calm',NULL,'2026-05-10','2026-05-10 18:28:00'),(837,15,6,'calm',NULL,'2026-05-13','2026-05-13 14:58:00'),(838,15,7,'calm',NULL,'2026-05-15','2026-05-15 16:46:00'),(839,15,7,'calm',NULL,'2026-05-18','2026-05-18 13:35:00'),(840,15,7,'happy',NULL,'2026-05-20','2026-05-20 09:09:00'),(841,15,6,'happy',NULL,'2026-05-21','2026-05-21 20:34:00'),(842,15,9,'calm',NULL,'2026-05-23','2026-05-23 15:42:00'),(843,15,6,'calm',NULL,'2026-05-24','2026-05-24 20:03:00'),(844,16,8,'tired',NULL,'2026-03-25','2026-03-25 18:13:00'),(845,16,8,'calm',NULL,'2026-03-27','2026-03-27 13:54:00'),(846,16,9,'calm',NULL,'2026-03-28','2026-03-28 13:01:00'),(847,16,9,'happy',NULL,'2026-03-30','2026-03-30 13:37:00'),(848,16,6,'happy',NULL,'2026-03-31','2026-03-31 10:49:00'),(849,16,8,'happy',NULL,'2026-04-01','2026-04-01 11:32:00'),(850,16,8,'happy',NULL,'2026-04-02','2026-04-02 17:03:00'),(851,16,7,'calm',NULL,'2026-04-03','2026-04-03 12:03:00'),(852,16,9,'tired',NULL,'2026-04-07','2026-04-07 21:53:00'),(853,16,5,'happy',NULL,'2026-04-09','2026-04-09 19:12:00'),(854,16,6,'happy',NULL,'2026-04-10','2026-04-10 20:35:00'),(855,16,7,'calm',NULL,'2026-04-11','2026-04-11 19:26:00'),(856,16,9,'calm',NULL,'2026-04-12','2026-04-12 19:51:00'),(857,16,5,'happy',NULL,'2026-04-13','2026-04-13 17:41:00'),(858,16,8,'calm',NULL,'2026-04-15','2026-04-15 17:56:00'),(859,16,9,'happy',NULL,'2026-04-17','2026-04-17 18:24:00'),(860,16,6,'happy',NULL,'2026-04-18','2026-04-18 12:44:00'),(861,16,7,'happy',NULL,'2026-04-20','2026-04-20 12:36:00'),(862,16,8,'calm',NULL,'2026-04-21','2026-04-21 12:31:00'),(863,16,7,'calm',NULL,'2026-04-23','2026-04-23 13:27:00'),(864,16,7,'calm',NULL,'2026-04-24','2026-04-24 22:37:00'),(865,16,9,'calm',NULL,'2026-04-26','2026-04-26 15:19:00'),(866,16,7,'happy',NULL,'2026-04-28','2026-04-28 09:06:00'),(867,16,5,'calm',NULL,'2026-04-29','2026-04-29 14:46:00'),(868,16,8,'calm',NULL,'2026-04-30','2026-04-30 16:43:00'),(869,16,8,'happy',NULL,'2026-05-01','2026-05-01 17:37:00'),(870,16,9,'calm',NULL,'2026-05-02','2026-05-02 13:52:00'),(871,16,8,'calm',NULL,'2026-05-03','2026-05-03 14:44:00'),(872,16,5,'calm',NULL,'2026-05-04','2026-05-04 09:32:00'),(873,16,7,'tired',NULL,'2026-05-05','2026-05-05 15:50:00'),(874,16,5,'calm',NULL,'2026-05-06','2026-05-06 16:56:00'),(875,16,7,'tired',NULL,'2026-05-07','2026-05-07 22:50:00'),(876,16,5,'tired',NULL,'2026-05-08','2026-05-08 08:10:00'),(877,16,8,'calm',NULL,'2026-05-09','2026-05-09 17:08:00'),(878,16,9,'happy',NULL,'2026-05-12','2026-05-12 11:19:00'),(879,16,9,'happy',NULL,'2026-05-14','2026-05-14 21:18:00'),(880,16,8,'happy',NULL,'2026-05-15','2026-05-15 09:32:00'),(881,16,9,'calm',NULL,'2026-05-18','2026-05-18 09:27:00'),(882,16,8,'calm',NULL,'2026-05-20','2026-05-20 13:37:00'),(883,16,6,'tired',NULL,'2026-05-21','2026-05-21 16:07:00'),(884,16,5,'tired',NULL,'2026-05-24','2026-05-24 11:29:00'),(885,17,4,'calm',NULL,'2026-03-25','2026-03-25 22:39:00'),(886,17,4,'sad',NULL,'2026-03-26','2026-03-26 14:05:00'),(887,17,5,'tired',NULL,'2026-03-29','2026-03-29 20:46:00'),(888,17,7,'happy',NULL,'2026-03-30','2026-03-30 21:48:00'),(889,17,7,'calm',NULL,'2026-03-31','2026-03-31 18:15:00'),(890,17,5,'tired',NULL,'2026-04-02','2026-04-02 13:52:00'),(891,17,7,'sad',NULL,'2026-04-03','2026-04-03 19:51:00'),(892,17,8,'calm',NULL,'2026-04-04','2026-04-04 22:01:00'),(893,17,6,'anxious',NULL,'2026-04-05','2026-04-05 20:26:00'),(894,17,8,'tired',NULL,'2026-04-10','2026-04-10 17:17:00'),(895,17,4,'tired',NULL,'2026-04-11','2026-04-11 16:13:00'),(896,17,7,'tired',NULL,'2026-04-13','2026-04-13 22:20:00'),(897,17,7,'tired',NULL,'2026-04-16','2026-04-16 12:43:00'),(898,17,6,'calm',NULL,'2026-04-18','2026-04-18 08:54:00'),(899,17,8,'happy',NULL,'2026-04-19','2026-04-19 11:05:00'),(900,17,8,'tired',NULL,'2026-04-20','2026-04-20 16:11:00'),(901,17,7,'happy',NULL,'2026-04-24','2026-04-24 22:26:00'),(902,17,4,'happy',NULL,'2026-04-26','2026-04-26 09:32:00'),(903,17,7,'sad',NULL,'2026-04-27','2026-04-27 20:28:00'),(904,17,6,'tired',NULL,'2026-04-28','2026-04-28 19:22:00'),(905,17,5,'happy',NULL,'2026-04-29','2026-04-29 08:13:00'),(906,17,7,'anxious',NULL,'2026-04-30','2026-04-30 11:26:00'),(907,17,7,'sad',NULL,'2026-05-01','2026-05-01 16:42:00'),(908,17,8,'calm',NULL,'2026-05-03','2026-05-03 14:25:00'),(909,17,7,'sad',NULL,'2026-05-04','2026-05-04 14:50:00'),(910,17,5,'tired',NULL,'2026-05-05','2026-05-05 11:45:00'),(911,17,6,'anxious',NULL,'2026-05-06','2026-05-06 19:16:00'),(912,17,5,'anxious',NULL,'2026-05-08','2026-05-08 21:39:00'),(913,17,7,'anxious',NULL,'2026-05-13','2026-05-13 08:12:00'),(914,17,7,'anxious',NULL,'2026-05-14','2026-05-14 09:04:00'),(915,17,6,'anxious',NULL,'2026-05-16','2026-05-16 19:18:00'),(916,17,6,'calm',NULL,'2026-05-18','2026-05-18 14:32:00'),(917,17,7,'tired',NULL,'2026-05-20','2026-05-20 20:40:00'),(918,17,8,'sad',NULL,'2026-05-22','2026-05-22 14:17:00'),(919,17,8,'anxious',NULL,'2026-05-23','2026-05-23 16:19:00'),(920,18,7,'calm',NULL,'2026-03-26','2026-03-26 11:03:00'),(921,18,9,'calm',NULL,'2026-03-27','2026-03-27 18:25:00'),(922,18,9,'happy',NULL,'2026-03-28','2026-03-28 13:54:00'),(923,18,6,'calm',NULL,'2026-03-30','2026-03-30 19:25:00'),(924,18,7,'calm',NULL,'2026-04-02','2026-04-02 16:03:00'),(925,18,6,'happy',NULL,'2026-04-04','2026-04-04 09:48:00'),(926,18,8,'calm',NULL,'2026-04-07','2026-04-07 16:57:00'),(927,18,6,'calm',NULL,'2026-04-08','2026-04-08 11:22:00'),(928,18,5,'calm',NULL,'2026-04-09','2026-04-09 16:35:00'),(929,18,9,'tired',NULL,'2026-04-10','2026-04-10 21:53:00'),(930,18,7,'tired',NULL,'2026-04-11','2026-04-11 14:01:00'),(931,18,6,'calm',NULL,'2026-04-13','2026-04-13 18:55:00'),(932,18,5,'happy',NULL,'2026-04-15','2026-04-15 15:36:00'),(933,18,9,'tired',NULL,'2026-04-16','2026-04-16 15:25:00'),(934,18,8,'calm',NULL,'2026-04-17','2026-04-17 10:13:00'),(935,18,5,'happy',NULL,'2026-04-19','2026-04-19 08:11:00'),(936,18,8,'calm',NULL,'2026-04-21','2026-04-21 18:14:00'),(937,18,8,'calm',NULL,'2026-04-23','2026-04-23 16:24:00'),(938,18,9,'tired',NULL,'2026-04-25','2026-04-25 20:05:00'),(939,18,6,'happy',NULL,'2026-04-26','2026-04-26 13:07:00'),(940,18,6,'happy',NULL,'2026-04-27','2026-04-27 15:31:00'),(941,18,8,'calm',NULL,'2026-04-28','2026-04-28 21:28:00'),(942,18,5,'happy',NULL,'2026-04-30','2026-04-30 08:59:00'),(943,18,5,'tired',NULL,'2026-05-03','2026-05-03 16:50:00'),(944,18,8,'happy',NULL,'2026-05-04','2026-05-04 08:25:00'),(945,18,8,'calm',NULL,'2026-05-05','2026-05-05 19:12:00'),(946,18,7,'happy',NULL,'2026-05-06','2026-05-06 20:34:00'),(947,18,9,'happy',NULL,'2026-05-08','2026-05-08 21:50:00'),(948,18,5,'happy',NULL,'2026-05-09','2026-05-09 21:39:00'),(949,18,7,'calm',NULL,'2026-05-11','2026-05-11 16:27:00'),(950,18,8,'calm',NULL,'2026-05-12','2026-05-12 21:41:00'),(951,18,6,'tired',NULL,'2026-05-13','2026-05-13 16:56:00'),(952,18,7,'tired',NULL,'2026-05-14','2026-05-14 18:59:00'),(953,18,6,'happy',NULL,'2026-05-15','2026-05-15 20:36:00'),(954,18,5,'calm',NULL,'2026-05-19','2026-05-19 10:30:00'),(955,18,9,'calm',NULL,'2026-05-21','2026-05-21 10:29:00'),(956,18,5,'tired',NULL,'2026-05-23','2026-05-23 08:29:00'),(957,18,8,'tired',NULL,'2026-05-24','2026-05-24 17:46:00'),(958,19,7,'happy',NULL,'2026-03-25','2026-03-25 14:45:00'),(959,19,6,'calm',NULL,'2026-03-26','2026-03-26 17:03:00'),(960,19,4,'anxious',NULL,'2026-03-27','2026-03-27 09:54:00'),(961,19,6,'anxious',NULL,'2026-03-28','2026-03-28 15:44:00'),(962,19,5,'happy',NULL,'2026-03-30','2026-03-30 21:25:00'),(963,19,7,'calm',NULL,'2026-03-31','2026-03-31 20:51:00'),(964,19,5,'sad',NULL,'2026-04-02','2026-04-02 13:42:00'),(965,19,6,'tired',NULL,'2026-04-04','2026-04-04 13:32:00'),(966,19,6,'calm',NULL,'2026-04-06','2026-04-06 10:18:00'),(967,19,4,'sad',NULL,'2026-04-07','2026-04-07 14:38:00'),(968,19,8,'sad',NULL,'2026-04-10','2026-04-10 17:13:00'),(969,19,4,'anxious',NULL,'2026-04-11','2026-04-11 09:13:00'),(970,19,8,'sad',NULL,'2026-04-12','2026-04-12 16:57:00'),(971,19,7,'calm',NULL,'2026-04-13','2026-04-13 22:01:00'),(972,19,4,'tired',NULL,'2026-04-15','2026-04-15 22:45:00'),(973,19,6,'happy',NULL,'2026-04-16','2026-04-16 14:31:00'),(974,19,6,'sad',NULL,'2026-04-17','2026-04-17 16:41:00'),(975,19,4,'tired',NULL,'2026-04-19','2026-04-19 11:32:00'),(976,19,5,'happy',NULL,'2026-04-20','2026-04-20 08:32:00'),(977,19,7,'anxious',NULL,'2026-04-21','2026-04-21 17:16:00'),(978,19,8,'sad',NULL,'2026-04-22','2026-04-22 12:31:00'),(979,19,8,'sad',NULL,'2026-04-25','2026-04-25 17:49:00'),(980,19,4,'anxious',NULL,'2026-04-27','2026-04-27 18:43:00'),(981,19,7,'calm',NULL,'2026-04-28','2026-04-28 10:33:00'),(982,19,7,'tired',NULL,'2026-04-30','2026-04-30 20:09:00'),(983,19,6,'sad',NULL,'2026-05-01','2026-05-01 22:55:00'),(984,19,5,'tired',NULL,'2026-05-02','2026-05-02 22:31:00'),(985,19,5,'calm',NULL,'2026-05-03','2026-05-03 08:30:00'),(986,19,7,'calm',NULL,'2026-05-04','2026-05-04 09:57:00'),(987,19,6,'tired',NULL,'2026-05-06','2026-05-06 16:52:00'),(988,19,4,'sad',NULL,'2026-05-07','2026-05-07 08:04:00'),(989,19,5,'tired',NULL,'2026-05-08','2026-05-08 17:50:00'),(990,19,5,'anxious',NULL,'2026-05-09','2026-05-09 18:13:00'),(991,19,8,'calm',NULL,'2026-05-11','2026-05-11 16:42:00'),(992,19,8,'anxious',NULL,'2026-05-12','2026-05-12 09:05:00'),(993,19,4,'tired',NULL,'2026-05-13','2026-05-13 18:33:00'),(994,19,8,'sad',NULL,'2026-05-14','2026-05-14 20:00:00'),(995,19,5,'sad',NULL,'2026-05-15','2026-05-15 12:08:00'),(996,19,6,'happy',NULL,'2026-05-16','2026-05-16 10:03:00'),(997,19,6,'sad',NULL,'2026-05-17','2026-05-17 20:29:00'),(998,19,8,'sad',NULL,'2026-05-20','2026-05-20 21:25:00'),(999,19,7,'sad',NULL,'2026-05-21','2026-05-21 08:51:00'),(1000,19,7,'sad',NULL,'2026-05-22','2026-05-22 10:00:00'),(1001,20,8,'happy',NULL,'2026-03-25','2026-03-25 18:18:00'),(1002,20,7,'happy',NULL,'2026-03-26','2026-03-26 16:46:00'),(1003,20,6,'tired',NULL,'2026-03-27','2026-03-27 09:31:00'),(1004,20,7,'tired',NULL,'2026-03-29','2026-03-29 14:34:00'),(1005,20,8,'tired',NULL,'2026-03-30','2026-03-30 16:32:00'),(1006,20,7,'tired',NULL,'2026-04-01','2026-04-01 22:26:00'),(1007,20,9,'tired',NULL,'2026-04-02','2026-04-02 12:30:00'),(1008,20,8,'calm',NULL,'2026-04-04','2026-04-04 18:03:00'),(1009,20,9,'calm',NULL,'2026-04-05','2026-04-05 19:36:00'),(1010,20,6,'happy',NULL,'2026-04-08','2026-04-08 19:32:00'),(1011,20,6,'happy',NULL,'2026-04-09','2026-04-09 19:53:00'),(1012,20,6,'calm',NULL,'2026-04-11','2026-04-11 19:50:00'),(1013,20,6,'calm',NULL,'2026-04-15','2026-04-15 18:47:00'),(1014,20,6,'calm',NULL,'2026-04-16','2026-04-16 19:50:00'),(1015,20,6,'calm',NULL,'2026-04-17','2026-04-17 15:04:00'),(1016,20,6,'calm',NULL,'2026-04-20','2026-04-20 20:23:00'),(1017,20,8,'happy',NULL,'2026-04-23','2026-04-23 14:13:00'),(1018,20,8,'tired',NULL,'2026-04-24','2026-04-24 21:30:00'),(1019,20,7,'happy',NULL,'2026-04-25','2026-04-25 09:40:00'),(1020,20,8,'happy',NULL,'2026-04-26','2026-04-26 09:31:00'),(1021,20,6,'tired',NULL,'2026-04-28','2026-04-28 17:35:00'),(1022,20,7,'tired',NULL,'2026-04-29','2026-04-29 17:15:00'),(1023,20,9,'tired',NULL,'2026-04-30','2026-04-30 18:59:00'),(1024,20,8,'happy',NULL,'2026-05-01','2026-05-01 16:03:00'),(1025,20,6,'happy',NULL,'2026-05-02','2026-05-02 09:48:00'),(1026,20,9,'tired',NULL,'2026-05-03','2026-05-03 09:30:00'),(1027,20,7,'calm',NULL,'2026-05-04','2026-05-04 13:34:00'),(1028,20,7,'calm',NULL,'2026-05-06','2026-05-06 13:13:00'),(1029,20,9,'calm',NULL,'2026-05-07','2026-05-07 21:05:00'),(1030,20,9,'calm',NULL,'2026-05-08','2026-05-08 21:10:00'),(1031,20,7,'happy',NULL,'2026-05-09','2026-05-09 21:43:00'),(1032,20,7,'tired',NULL,'2026-05-11','2026-05-11 11:25:00'),(1033,20,9,'calm',NULL,'2026-05-13','2026-05-13 22:28:00'),(1034,20,9,'tired',NULL,'2026-05-14','2026-05-14 10:25:00'),(1035,20,6,'calm',NULL,'2026-05-15','2026-05-15 19:00:00'),(1036,20,9,'happy',NULL,'2026-05-16','2026-05-16 09:16:00'),(1037,20,6,'happy',NULL,'2026-05-19','2026-05-19 10:45:00'),(1038,20,7,'tired',NULL,'2026-05-20','2026-05-20 12:25:00'),(1039,20,8,'happy',NULL,'2026-05-24','2026-05-24 11:49:00'),(1040,21,8,'calm',NULL,'2026-03-25','2026-03-25 10:23:00'),(1041,21,7,'anxious',NULL,'2026-04-01','2026-04-01 11:35:00'),(1042,21,4,'tired',NULL,'2026-04-03','2026-04-03 11:08:00'),(1043,21,8,'calm',NULL,'2026-04-04','2026-04-04 19:34:00'),(1044,21,7,'anxious',NULL,'2026-04-05','2026-04-05 16:44:00'),(1045,21,7,'anxious',NULL,'2026-04-06','2026-04-06 22:49:00'),(1046,21,7,'sad',NULL,'2026-04-07','2026-04-07 15:26:00'),(1047,21,7,'happy',NULL,'2026-04-13','2026-04-13 22:07:00'),(1048,21,6,'sad',NULL,'2026-04-14','2026-04-14 18:11:00'),(1049,21,6,'sad',NULL,'2026-04-16','2026-04-16 08:02:00'),(1050,21,8,'happy',NULL,'2026-04-17','2026-04-17 10:26:00'),(1051,21,4,'tired',NULL,'2026-04-20','2026-04-20 14:56:00'),(1052,21,7,'tired',NULL,'2026-04-21','2026-04-21 16:56:00'),(1053,21,4,'calm',NULL,'2026-04-23','2026-04-23 18:01:00'),(1054,21,5,'calm',NULL,'2026-04-25','2026-04-25 22:17:00'),(1055,21,6,'happy',NULL,'2026-04-26','2026-04-26 22:28:00'),(1056,21,7,'happy',NULL,'2026-04-28','2026-04-28 09:14:00'),(1057,21,4,'calm',NULL,'2026-04-29','2026-04-29 15:05:00'),(1058,21,4,'anxious',NULL,'2026-04-30','2026-04-30 18:58:00'),(1059,21,7,'anxious',NULL,'2026-05-01','2026-05-01 08:56:00'),(1060,21,7,'sad',NULL,'2026-05-02','2026-05-02 11:13:00'),(1061,21,5,'anxious',NULL,'2026-05-03','2026-05-03 20:03:00'),(1062,21,4,'tired',NULL,'2026-05-05','2026-05-05 16:23:00'),(1063,21,8,'sad',NULL,'2026-05-06','2026-05-06 18:54:00'),(1064,21,6,'tired',NULL,'2026-05-07','2026-05-07 18:35:00'),(1065,21,6,'happy',NULL,'2026-05-08','2026-05-08 22:27:00'),(1066,21,6,'tired',NULL,'2026-05-10','2026-05-10 22:02:00'),(1067,21,6,'happy',NULL,'2026-05-11','2026-05-11 12:26:00'),(1068,21,7,'sad',NULL,'2026-05-12','2026-05-12 15:13:00'),(1069,21,5,'anxious',NULL,'2026-05-13','2026-05-13 21:00:00'),(1070,21,4,'calm',NULL,'2026-05-14','2026-05-14 17:27:00'),(1071,21,4,'anxious',NULL,'2026-05-15','2026-05-15 09:44:00'),(1072,21,4,'sad',NULL,'2026-05-19','2026-05-19 16:48:00'),(1073,21,4,'sad',NULL,'2026-05-22','2026-05-22 15:39:00'),(1074,21,5,'anxious',NULL,'2026-05-23','2026-05-23 18:54:00'),(1075,21,5,'calm',NULL,'2026-05-24','2026-05-24 22:28:00'),(1076,22,7,'calm',NULL,'2026-03-26','2026-03-26 21:39:00'),(1077,22,5,'happy',NULL,'2026-03-28','2026-03-28 11:16:00'),(1078,22,9,'happy',NULL,'2026-03-30','2026-03-30 19:45:00'),(1079,22,7,'calm',NULL,'2026-03-31','2026-03-31 14:10:00'),(1080,22,6,'happy',NULL,'2026-04-01','2026-04-01 10:04:00'),(1081,22,7,'calm',NULL,'2026-04-06','2026-04-06 20:25:00'),(1082,22,9,'happy',NULL,'2026-04-07','2026-04-07 22:46:00'),(1083,22,8,'happy',NULL,'2026-04-08','2026-04-08 15:05:00'),(1084,22,7,'happy',NULL,'2026-04-09','2026-04-09 16:33:00'),(1085,22,6,'tired',NULL,'2026-04-10','2026-04-10 16:47:00'),(1086,22,9,'happy',NULL,'2026-04-11','2026-04-11 14:39:00'),(1087,22,6,'calm',NULL,'2026-04-13','2026-04-13 19:20:00'),(1088,22,9,'tired',NULL,'2026-04-15','2026-04-15 15:25:00'),(1089,22,5,'happy',NULL,'2026-04-16','2026-04-16 13:20:00'),(1090,22,5,'happy',NULL,'2026-04-17','2026-04-17 14:32:00'),(1091,22,7,'calm',NULL,'2026-04-18','2026-04-18 13:28:00'),(1092,22,8,'calm',NULL,'2026-04-20','2026-04-20 17:25:00'),(1093,22,5,'calm',NULL,'2026-04-21','2026-04-21 12:19:00'),(1094,22,9,'happy',NULL,'2026-04-23','2026-04-23 11:09:00'),(1095,22,6,'happy',NULL,'2026-04-24','2026-04-24 21:28:00'),(1096,22,9,'calm',NULL,'2026-04-27','2026-04-27 19:25:00'),(1097,22,8,'calm',NULL,'2026-04-28','2026-04-28 12:05:00'),(1098,22,8,'tired',NULL,'2026-04-29','2026-04-29 09:36:00'),(1099,22,7,'calm',NULL,'2026-04-30','2026-04-30 19:57:00'),(1100,22,7,'calm',NULL,'2026-05-01','2026-05-01 21:58:00'),(1101,22,6,'happy',NULL,'2026-05-03','2026-05-03 12:59:00'),(1102,22,8,'calm',NULL,'2026-05-06','2026-05-06 09:03:00'),(1103,22,6,'happy',NULL,'2026-05-07','2026-05-07 21:57:00'),(1104,22,7,'happy',NULL,'2026-05-09','2026-05-09 08:29:00'),(1105,22,7,'happy',NULL,'2026-05-10','2026-05-10 20:43:00'),(1106,22,5,'tired',NULL,'2026-05-12','2026-05-12 19:49:00'),(1107,22,5,'happy',NULL,'2026-05-14','2026-05-14 18:29:00'),(1108,22,5,'happy',NULL,'2026-05-15','2026-05-15 08:09:00'),(1109,22,5,'calm',NULL,'2026-05-18','2026-05-18 10:29:00'),(1110,22,7,'tired',NULL,'2026-05-19','2026-05-19 21:30:00'),(1111,22,7,'calm',NULL,'2026-05-20','2026-05-20 14:35:00'),(1112,22,5,'happy',NULL,'2026-05-21','2026-05-21 20:32:00'),(1113,22,5,'happy',NULL,'2026-05-22','2026-05-22 19:40:00'),(1114,22,7,'calm',NULL,'2026-05-23','2026-05-23 08:41:00'),(1115,22,5,'happy',NULL,'2026-05-24','2026-05-24 10:05:00'),(1116,23,9,'happy',NULL,'2026-03-25','2026-03-25 10:38:00'),(1117,23,6,'tired',NULL,'2026-03-27','2026-03-27 10:43:00'),(1118,23,6,'happy',NULL,'2026-03-28','2026-03-28 21:20:00'),(1119,23,8,'calm',NULL,'2026-03-29','2026-03-29 12:30:00'),(1120,23,7,'calm',NULL,'2026-04-01','2026-04-01 19:26:00'),(1121,23,6,'happy',NULL,'2026-04-03','2026-04-03 15:01:00'),(1122,23,6,'happy',NULL,'2026-04-04','2026-04-04 17:53:00'),(1123,23,9,'happy',NULL,'2026-04-05','2026-04-05 16:04:00'),(1124,23,8,'calm',NULL,'2026-04-06','2026-04-06 22:09:00'),(1125,23,7,'tired',NULL,'2026-04-07','2026-04-07 19:28:00'),(1126,23,6,'happy',NULL,'2026-04-08','2026-04-08 14:26:00'),(1127,23,7,'happy',NULL,'2026-04-09','2026-04-09 15:21:00'),(1128,23,6,'happy',NULL,'2026-04-11','2026-04-11 12:28:00'),(1129,23,7,'tired',NULL,'2026-04-12','2026-04-12 09:24:00'),(1130,23,8,'tired',NULL,'2026-04-13','2026-04-13 16:56:00'),(1131,23,9,'calm',NULL,'2026-04-14','2026-04-14 16:42:00'),(1132,23,9,'calm',NULL,'2026-04-15','2026-04-15 17:45:00'),(1133,23,8,'calm',NULL,'2026-04-16','2026-04-16 12:29:00'),(1134,23,6,'tired',NULL,'2026-04-18','2026-04-18 08:40:00'),(1135,23,7,'tired',NULL,'2026-04-20','2026-04-20 20:36:00'),(1136,23,8,'happy',NULL,'2026-04-21','2026-04-21 20:55:00'),(1137,23,7,'happy',NULL,'2026-04-23','2026-04-23 16:38:00'),(1138,23,7,'calm',NULL,'2026-04-24','2026-04-24 08:42:00'),(1139,23,6,'calm',NULL,'2026-04-26','2026-04-26 22:26:00'),(1140,23,9,'calm',NULL,'2026-04-27','2026-04-27 10:59:00'),(1141,23,7,'happy',NULL,'2026-04-28','2026-04-28 12:46:00'),(1142,23,8,'calm',NULL,'2026-04-29','2026-04-29 15:01:00'),(1143,23,8,'happy',NULL,'2026-05-01','2026-05-01 09:47:00'),(1144,23,9,'tired',NULL,'2026-05-03','2026-05-03 18:36:00'),(1145,23,9,'calm',NULL,'2026-05-04','2026-05-04 08:17:00'),(1146,23,7,'calm',NULL,'2026-05-05','2026-05-05 09:08:00'),(1147,23,9,'happy',NULL,'2026-05-06','2026-05-06 12:57:00'),(1148,23,9,'tired',NULL,'2026-05-07','2026-05-07 21:08:00'),(1149,23,8,'calm',NULL,'2026-05-08','2026-05-08 13:06:00'),(1150,23,6,'tired',NULL,'2026-05-09','2026-05-09 16:03:00'),(1151,23,8,'calm',NULL,'2026-05-10','2026-05-10 09:31:00'),(1152,23,9,'happy',NULL,'2026-05-11','2026-05-11 15:47:00'),(1153,23,8,'calm',NULL,'2026-05-12','2026-05-12 16:09:00'),(1154,23,7,'happy',NULL,'2026-05-14','2026-05-14 21:29:00'),(1155,23,9,'tired',NULL,'2026-05-19','2026-05-19 15:38:00'),(1156,23,6,'calm',NULL,'2026-05-21','2026-05-21 11:42:00'),(1157,23,8,'calm',NULL,'2026-05-23','2026-05-23 10:05:00'),(1158,24,7,'tired',NULL,'2026-03-26','2026-03-26 16:41:00'),(1159,24,5,'tired',NULL,'2026-03-27','2026-03-27 14:32:00'),(1160,24,7,'calm',NULL,'2026-03-30','2026-03-30 11:56:00'),(1161,24,8,'calm',NULL,'2026-03-31','2026-03-31 18:09:00'),(1162,24,7,'calm',NULL,'2026-04-02','2026-04-02 17:31:00'),(1163,24,9,'tired',NULL,'2026-04-03','2026-04-03 17:04:00'),(1164,24,5,'happy',NULL,'2026-04-04','2026-04-04 19:48:00'),(1165,24,9,'tired',NULL,'2026-04-07','2026-04-07 18:46:00'),(1166,24,6,'calm',NULL,'2026-04-09','2026-04-09 15:46:00'),(1167,24,6,'calm',NULL,'2026-04-10','2026-04-10 18:12:00'),(1168,24,8,'happy',NULL,'2026-04-11','2026-04-11 11:23:00'),(1169,24,7,'happy',NULL,'2026-04-13','2026-04-13 16:57:00'),(1170,24,6,'calm',NULL,'2026-04-14','2026-04-14 19:43:00'),(1171,24,5,'happy',NULL,'2026-04-18','2026-04-18 10:36:00'),(1172,24,8,'calm',NULL,'2026-04-19','2026-04-19 19:00:00'),(1173,24,5,'calm',NULL,'2026-04-20','2026-04-20 14:54:00'),(1174,24,9,'calm',NULL,'2026-04-21','2026-04-21 13:40:00'),(1175,24,9,'happy',NULL,'2026-04-22','2026-04-22 09:56:00'),(1176,24,9,'happy',NULL,'2026-04-23','2026-04-23 13:31:00'),(1177,24,8,'happy',NULL,'2026-04-26','2026-04-26 14:18:00'),(1178,24,8,'calm',NULL,'2026-04-28','2026-04-28 09:32:00'),(1179,24,8,'happy',NULL,'2026-04-29','2026-04-29 17:48:00'),(1180,24,5,'happy',NULL,'2026-04-30','2026-04-30 20:16:00'),(1181,24,8,'tired',NULL,'2026-05-01','2026-05-01 15:26:00'),(1182,24,5,'calm',NULL,'2026-05-02','2026-05-02 08:19:00'),(1183,24,5,'happy',NULL,'2026-05-03','2026-05-03 19:36:00'),(1184,24,6,'calm',NULL,'2026-05-05','2026-05-05 18:29:00'),(1185,24,8,'happy',NULL,'2026-05-06','2026-05-06 12:18:00'),(1186,24,9,'happy',NULL,'2026-05-07','2026-05-07 21:30:00'),(1187,24,6,'calm',NULL,'2026-05-08','2026-05-08 16:51:00'),(1188,24,7,'calm',NULL,'2026-05-09','2026-05-09 09:30:00'),(1189,24,8,'calm',NULL,'2026-05-11','2026-05-11 08:30:00'),(1190,24,5,'happy',NULL,'2026-05-13','2026-05-13 22:18:00'),(1191,24,9,'happy',NULL,'2026-05-15','2026-05-15 16:11:00'),(1192,24,6,'happy',NULL,'2026-05-17','2026-05-17 09:41:00'),(1193,24,7,'happy',NULL,'2026-05-18','2026-05-18 09:17:00'),(1194,24,6,'calm',NULL,'2026-05-19','2026-05-19 12:11:00'),(1195,24,8,'tired',NULL,'2026-05-21','2026-05-21 15:29:00'),(1196,24,7,'calm',NULL,'2026-05-22','2026-05-22 17:38:00'),(1197,24,7,'happy',NULL,'2026-05-23','2026-05-23 09:07:00'),(1198,24,5,'calm',NULL,'2026-05-24','2026-05-24 15:49:00'),(1199,25,7,'happy',NULL,'2026-03-27','2026-03-27 11:30:00'),(1200,25,7,'calm',NULL,'2026-03-30','2026-03-30 10:59:00'),(1201,25,6,'happy',NULL,'2026-03-31','2026-03-31 17:05:00'),(1202,25,9,'tired',NULL,'2026-04-01','2026-04-01 16:47:00'),(1203,25,8,'happy',NULL,'2026-04-02','2026-04-02 17:12:00'),(1204,25,7,'tired',NULL,'2026-04-03','2026-04-03 21:31:00'),(1205,25,8,'happy',NULL,'2026-04-06','2026-04-06 08:36:00'),(1206,25,5,'happy',NULL,'2026-04-07','2026-04-07 13:52:00'),(1207,25,8,'happy',NULL,'2026-04-12','2026-04-12 09:26:00'),(1208,25,7,'happy',NULL,'2026-04-13','2026-04-13 19:37:00'),(1209,25,6,'happy',NULL,'2026-04-14','2026-04-14 16:37:00'),(1210,25,6,'happy',NULL,'2026-04-15','2026-04-15 21:57:00'),(1211,25,5,'happy',NULL,'2026-04-16','2026-04-16 14:49:00'),(1212,25,5,'happy',NULL,'2026-04-17','2026-04-17 20:47:00'),(1213,25,8,'happy',NULL,'2026-04-18','2026-04-18 14:23:00'),(1214,25,5,'calm',NULL,'2026-04-19','2026-04-19 17:35:00'),(1215,25,8,'calm',NULL,'2026-04-20','2026-04-20 21:31:00'),(1216,25,6,'happy',NULL,'2026-04-21','2026-04-21 22:06:00'),(1217,25,8,'calm',NULL,'2026-04-23','2026-04-23 20:28:00'),(1218,25,5,'calm',NULL,'2026-04-24','2026-04-24 16:55:00'),(1219,25,6,'calm',NULL,'2026-04-25','2026-04-25 16:35:00'),(1220,25,9,'calm',NULL,'2026-04-26','2026-04-26 22:04:00'),(1221,25,9,'calm',NULL,'2026-04-27','2026-04-27 09:27:00'),(1222,25,6,'happy',NULL,'2026-04-28','2026-04-28 16:48:00'),(1223,25,7,'calm',NULL,'2026-04-29','2026-04-29 15:49:00'),(1224,25,5,'calm',NULL,'2026-04-30','2026-04-30 17:19:00'),(1225,25,8,'happy',NULL,'2026-05-01','2026-05-01 19:38:00'),(1226,25,6,'happy',NULL,'2026-05-03','2026-05-03 16:49:00'),(1227,25,5,'happy',NULL,'2026-05-04','2026-05-04 20:49:00'),(1228,25,7,'happy',NULL,'2026-05-05','2026-05-05 20:43:00'),(1229,25,5,'calm',NULL,'2026-05-06','2026-05-06 08:44:00'),(1230,25,5,'tired',NULL,'2026-05-08','2026-05-08 21:41:00'),(1231,25,7,'happy',NULL,'2026-05-09','2026-05-09 22:18:00'),(1232,25,6,'tired',NULL,'2026-05-12','2026-05-12 16:30:00'),(1233,25,8,'calm',NULL,'2026-05-13','2026-05-13 13:35:00'),(1234,25,7,'calm',NULL,'2026-05-15','2026-05-15 15:21:00'),(1235,25,5,'calm',NULL,'2026-05-17','2026-05-17 13:31:00'),(1236,25,6,'happy',NULL,'2026-05-18','2026-05-18 08:13:00'),(1237,25,7,'tired',NULL,'2026-05-19','2026-05-19 21:24:00'),(1238,25,9,'happy',NULL,'2026-05-20','2026-05-20 16:42:00'),(1239,25,5,'calm',NULL,'2026-05-21','2026-05-21 16:19:00'),(1240,25,8,'calm',NULL,'2026-05-22','2026-05-22 15:35:00'),(1241,25,9,'tired',NULL,'2026-05-23','2026-05-23 13:10:00'),(1242,26,5,'calm',NULL,'2026-03-25','2026-03-25 09:01:00'),(1243,26,9,'tired',NULL,'2026-03-26','2026-03-26 18:49:00'),(1244,26,9,'happy',NULL,'2026-03-27','2026-03-27 17:27:00'),(1245,26,8,'calm',NULL,'2026-03-28','2026-03-28 18:20:00'),(1246,26,6,'calm',NULL,'2026-03-29','2026-03-29 09:26:00'),(1247,26,6,'calm',NULL,'2026-03-30','2026-03-30 22:41:00'),(1248,26,7,'calm',NULL,'2026-03-31','2026-03-31 19:33:00'),(1249,26,5,'happy',NULL,'2026-04-01','2026-04-01 15:11:00'),(1250,26,6,'tired',NULL,'2026-04-02','2026-04-02 11:29:00'),(1251,26,8,'tired',NULL,'2026-04-03','2026-04-03 22:05:00'),(1252,26,7,'calm',NULL,'2026-04-06','2026-04-06 14:05:00'),(1253,26,6,'tired',NULL,'2026-04-07','2026-04-07 15:47:00'),(1254,26,5,'happy',NULL,'2026-04-10','2026-04-10 13:39:00'),(1255,26,9,'happy',NULL,'2026-04-11','2026-04-11 22:38:00'),(1256,26,8,'calm',NULL,'2026-04-12','2026-04-12 11:14:00'),(1257,26,5,'happy',NULL,'2026-04-13','2026-04-13 16:31:00'),(1258,26,5,'tired',NULL,'2026-04-16','2026-04-16 19:20:00'),(1259,26,7,'happy',NULL,'2026-04-18','2026-04-18 14:39:00'),(1260,26,6,'calm',NULL,'2026-04-19','2026-04-19 18:37:00'),(1261,26,7,'happy',NULL,'2026-04-20','2026-04-20 10:34:00'),(1262,26,7,'tired',NULL,'2026-04-21','2026-04-21 09:45:00'),(1263,26,5,'tired',NULL,'2026-04-22','2026-04-22 15:27:00'),(1264,26,7,'happy',NULL,'2026-04-23','2026-04-23 15:59:00'),(1265,26,6,'calm',NULL,'2026-04-26','2026-04-26 12:40:00'),(1266,26,5,'happy',NULL,'2026-04-29','2026-04-29 20:14:00'),(1267,26,6,'calm',NULL,'2026-05-01','2026-05-01 10:08:00'),(1268,26,6,'calm',NULL,'2026-05-02','2026-05-02 12:24:00'),(1269,26,9,'happy',NULL,'2026-05-03','2026-05-03 21:24:00'),(1270,26,8,'happy',NULL,'2026-05-04','2026-05-04 15:49:00'),(1271,26,8,'calm',NULL,'2026-05-05','2026-05-05 12:51:00'),(1272,26,7,'calm',NULL,'2026-05-08','2026-05-08 18:37:00'),(1273,26,9,'tired',NULL,'2026-05-09','2026-05-09 18:35:00'),(1274,26,5,'happy',NULL,'2026-05-10','2026-05-10 13:46:00'),(1275,26,8,'happy',NULL,'2026-05-11','2026-05-11 17:01:00'),(1276,26,9,'tired',NULL,'2026-05-13','2026-05-13 12:46:00'),(1277,26,6,'tired',NULL,'2026-05-14','2026-05-14 10:21:00'),(1278,26,6,'happy',NULL,'2026-05-15','2026-05-15 22:56:00'),(1279,26,6,'happy',NULL,'2026-05-17','2026-05-17 16:54:00'),(1280,26,5,'happy',NULL,'2026-05-19','2026-05-19 16:21:00'),(1281,26,9,'calm',NULL,'2026-05-20','2026-05-20 09:18:00'),(1282,26,7,'calm',NULL,'2026-05-22','2026-05-22 12:47:00'),(1283,26,8,'happy',NULL,'2026-05-23','2026-05-23 21:10:00'),(1284,26,6,'tired',NULL,'2026-05-24','2026-05-24 11:47:00'),(1285,27,7,'calm',NULL,'2026-03-25','2026-03-25 12:37:00'),(1286,27,7,'happy',NULL,'2026-03-26','2026-03-26 08:51:00'),(1287,27,8,'happy',NULL,'2026-03-29','2026-03-29 21:07:00'),(1288,27,9,'happy',NULL,'2026-04-02','2026-04-02 08:05:00'),(1289,27,9,'happy',NULL,'2026-04-03','2026-04-03 17:57:00'),(1290,27,6,'tired',NULL,'2026-04-04','2026-04-04 15:07:00'),(1291,27,7,'happy',NULL,'2026-04-08','2026-04-08 18:55:00'),(1292,27,7,'happy',NULL,'2026-04-09','2026-04-09 16:24:00'),(1293,27,8,'calm',NULL,'2026-04-10','2026-04-10 11:47:00'),(1294,27,9,'tired',NULL,'2026-04-11','2026-04-11 08:36:00'),(1295,27,5,'calm',NULL,'2026-04-12','2026-04-12 16:59:00'),(1296,27,6,'calm',NULL,'2026-04-16','2026-04-16 10:29:00'),(1297,27,8,'happy',NULL,'2026-04-18','2026-04-18 22:56:00'),(1298,27,6,'happy',NULL,'2026-04-19','2026-04-19 13:39:00'),(1299,27,6,'happy',NULL,'2026-04-20','2026-04-20 11:05:00'),(1300,27,5,'happy',NULL,'2026-04-21','2026-04-21 14:57:00'),(1301,27,7,'calm',NULL,'2026-04-22','2026-04-22 11:47:00'),(1302,27,6,'calm',NULL,'2026-04-23','2026-04-23 18:05:00'),(1303,27,6,'tired',NULL,'2026-04-24','2026-04-24 18:38:00'),(1304,27,8,'happy',NULL,'2026-04-25','2026-04-25 21:29:00'),(1305,27,8,'happy',NULL,'2026-04-26','2026-04-26 15:39:00'),(1306,27,8,'happy',NULL,'2026-04-27','2026-04-27 22:30:00'),(1307,27,5,'tired',NULL,'2026-04-28','2026-04-28 10:19:00'),(1308,27,6,'happy',NULL,'2026-04-29','2026-04-29 22:46:00'),(1309,27,6,'happy',NULL,'2026-04-30','2026-04-30 22:41:00'),(1310,27,5,'happy',NULL,'2026-05-01','2026-05-01 13:36:00'),(1311,27,5,'tired',NULL,'2026-05-04','2026-05-04 10:25:00'),(1312,27,6,'happy',NULL,'2026-05-05','2026-05-05 13:11:00'),(1313,27,6,'happy',NULL,'2026-05-06','2026-05-06 09:00:00'),(1314,27,7,'tired',NULL,'2026-05-08','2026-05-08 17:29:00'),(1315,27,5,'happy',NULL,'2026-05-11','2026-05-11 10:46:00'),(1316,27,7,'tired',NULL,'2026-05-12','2026-05-12 13:52:00'),(1317,27,7,'calm',NULL,'2026-05-13','2026-05-13 11:59:00'),(1318,27,6,'calm',NULL,'2026-05-14','2026-05-14 14:16:00'),(1319,27,5,'calm',NULL,'2026-05-16','2026-05-16 11:38:00'),(1320,27,6,'calm',NULL,'2026-05-17','2026-05-17 16:32:00'),(1321,27,8,'calm',NULL,'2026-05-19','2026-05-19 14:41:00'),(1322,27,7,'happy',NULL,'2026-05-20','2026-05-20 17:44:00'),(1323,27,7,'tired',NULL,'2026-05-21','2026-05-21 11:12:00'),(1324,27,6,'calm',NULL,'2026-05-22','2026-05-22 09:34:00'),(1325,27,5,'happy',NULL,'2026-05-23','2026-05-23 13:46:00'),(1326,28,9,'tired',NULL,'2026-03-25','2026-03-25 09:41:00'),(1327,28,8,'calm',NULL,'2026-03-26','2026-03-26 14:30:00'),(1328,28,5,'happy',NULL,'2026-03-28','2026-03-28 11:57:00'),(1329,28,8,'happy',NULL,'2026-03-29','2026-03-29 13:30:00'),(1330,28,5,'calm',NULL,'2026-03-30','2026-03-30 16:20:00'),(1331,28,7,'tired',NULL,'2026-03-31','2026-03-31 17:42:00'),(1332,28,9,'tired',NULL,'2026-04-02','2026-04-02 17:52:00'),(1333,28,9,'calm',NULL,'2026-04-04','2026-04-04 11:52:00'),(1334,28,7,'happy',NULL,'2026-04-06','2026-04-06 21:22:00'),(1335,28,8,'calm',NULL,'2026-04-09','2026-04-09 17:24:00'),(1336,28,7,'tired',NULL,'2026-04-11','2026-04-11 20:54:00'),(1337,28,8,'calm',NULL,'2026-04-12','2026-04-12 15:02:00'),(1338,28,8,'tired',NULL,'2026-04-13','2026-04-13 08:01:00'),(1339,28,6,'tired',NULL,'2026-04-14','2026-04-14 10:47:00'),(1340,28,6,'calm',NULL,'2026-04-18','2026-04-18 15:06:00'),(1341,28,6,'tired',NULL,'2026-04-20','2026-04-20 22:29:00'),(1342,28,6,'calm',NULL,'2026-04-25','2026-04-25 20:56:00'),(1343,28,5,'happy',NULL,'2026-04-26','2026-04-26 09:58:00'),(1344,28,8,'tired',NULL,'2026-04-27','2026-04-27 10:55:00'),(1345,28,5,'happy',NULL,'2026-04-28','2026-04-28 09:36:00'),(1346,28,8,'calm',NULL,'2026-04-29','2026-04-29 11:43:00'),(1347,28,8,'happy',NULL,'2026-04-30','2026-04-30 21:18:00'),(1348,28,5,'happy',NULL,'2026-05-01','2026-05-01 22:30:00'),(1349,28,6,'calm',NULL,'2026-05-02','2026-05-02 17:52:00'),(1350,28,8,'happy',NULL,'2026-05-03','2026-05-03 08:08:00'),(1351,28,8,'calm',NULL,'2026-05-04','2026-05-04 21:03:00'),(1352,28,5,'happy',NULL,'2026-05-05','2026-05-05 17:31:00'),(1353,28,8,'calm',NULL,'2026-05-06','2026-05-06 21:41:00'),(1354,28,9,'tired',NULL,'2026-05-07','2026-05-07 18:28:00'),(1355,28,9,'calm',NULL,'2026-05-09','2026-05-09 21:27:00'),(1356,28,5,'calm',NULL,'2026-05-10','2026-05-10 17:21:00'),(1357,28,6,'happy',NULL,'2026-05-13','2026-05-13 14:36:00'),(1358,28,5,'tired',NULL,'2026-05-14','2026-05-14 13:09:00'),(1359,28,7,'happy',NULL,'2026-05-15','2026-05-15 19:42:00'),(1360,28,5,'happy',NULL,'2026-05-17','2026-05-17 08:06:00'),(1361,28,5,'happy',NULL,'2026-05-18','2026-05-18 11:24:00'),(1362,28,5,'calm',NULL,'2026-05-19','2026-05-19 11:27:00'),(1363,28,8,'happy',NULL,'2026-05-21','2026-05-21 10:41:00'),(1364,29,9,'happy',NULL,'2026-03-27','2026-03-27 14:12:00'),(1365,29,8,'happy',NULL,'2026-03-29','2026-03-29 17:17:00'),(1366,29,7,'tired',NULL,'2026-03-30','2026-03-30 21:04:00'),(1367,29,9,'tired',NULL,'2026-03-31','2026-03-31 08:08:00'),(1368,29,7,'tired',NULL,'2026-04-01','2026-04-01 11:36:00'),(1369,29,7,'calm',NULL,'2026-04-02','2026-04-02 08:24:00'),(1370,29,6,'calm',NULL,'2026-04-03','2026-04-03 21:34:00'),(1371,29,9,'calm',NULL,'2026-04-04','2026-04-04 12:04:00'),(1372,29,9,'calm',NULL,'2026-04-06','2026-04-06 15:36:00'),(1373,29,6,'happy',NULL,'2026-04-07','2026-04-07 09:22:00'),(1374,29,9,'happy',NULL,'2026-04-08','2026-04-08 18:50:00'),(1375,29,9,'happy',NULL,'2026-04-09','2026-04-09 12:20:00'),(1376,29,8,'calm',NULL,'2026-04-10','2026-04-10 22:10:00'),(1377,29,8,'calm',NULL,'2026-04-17','2026-04-17 14:56:00'),(1378,29,6,'calm',NULL,'2026-04-18','2026-04-18 18:07:00'),(1379,29,8,'happy',NULL,'2026-04-19','2026-04-19 12:50:00'),(1380,29,7,'happy',NULL,'2026-04-20','2026-04-20 18:18:00'),(1381,29,7,'happy',NULL,'2026-04-21','2026-04-21 21:21:00'),(1382,29,9,'happy',NULL,'2026-04-22','2026-04-22 20:15:00'),(1383,29,7,'happy',NULL,'2026-04-23','2026-04-23 15:32:00'),(1384,29,7,'calm',NULL,'2026-04-24','2026-04-24 19:55:00'),(1385,29,6,'tired',NULL,'2026-04-26','2026-04-26 12:19:00'),(1386,29,6,'happy',NULL,'2026-04-27','2026-04-27 17:08:00'),(1387,29,8,'happy',NULL,'2026-04-29','2026-04-29 22:54:00'),(1388,29,7,'tired',NULL,'2026-04-30','2026-04-30 10:55:00'),(1389,29,9,'calm',NULL,'2026-05-02','2026-05-02 18:40:00'),(1390,29,8,'happy',NULL,'2026-05-05','2026-05-05 11:53:00'),(1391,29,8,'calm',NULL,'2026-05-06','2026-05-06 08:24:00'),(1392,29,7,'tired',NULL,'2026-05-13','2026-05-13 16:33:00'),(1393,29,9,'calm',NULL,'2026-05-15','2026-05-15 11:23:00'),(1394,29,7,'calm',NULL,'2026-05-16','2026-05-16 20:14:00'),(1395,29,9,'calm',NULL,'2026-05-17','2026-05-17 15:02:00'),(1396,29,8,'tired',NULL,'2026-05-18','2026-05-18 14:35:00'),(1397,29,8,'happy',NULL,'2026-05-20','2026-05-20 12:26:00'),(1398,29,9,'tired',NULL,'2026-05-21','2026-05-21 18:28:00'),(1399,29,7,'calm',NULL,'2026-05-24','2026-05-24 20:33:00'),(1400,30,5,'calm',NULL,'2026-03-26','2026-03-26 09:06:00'),(1401,30,6,'happy',NULL,'2026-03-27','2026-03-27 15:29:00'),(1402,30,6,'calm',NULL,'2026-03-30','2026-03-30 08:22:00'),(1403,30,7,'calm',NULL,'2026-04-01','2026-04-01 18:11:00'),(1404,30,5,'calm',NULL,'2026-04-02','2026-04-02 21:05:00'),(1405,30,9,'tired',NULL,'2026-04-03','2026-04-03 18:35:00'),(1406,30,7,'calm',NULL,'2026-04-04','2026-04-04 13:06:00'),(1407,30,8,'tired',NULL,'2026-04-06','2026-04-06 11:58:00'),(1408,30,7,'calm',NULL,'2026-04-08','2026-04-08 14:31:00'),(1409,30,6,'happy',NULL,'2026-04-09','2026-04-09 20:51:00'),(1410,30,6,'calm',NULL,'2026-04-10','2026-04-10 10:44:00'),(1411,30,7,'happy',NULL,'2026-04-13','2026-04-13 09:47:00'),(1412,30,7,'calm',NULL,'2026-04-14','2026-04-14 08:35:00'),(1413,30,8,'tired',NULL,'2026-04-18','2026-04-18 09:02:00'),(1414,30,8,'calm',NULL,'2026-04-22','2026-04-22 13:04:00'),(1415,30,9,'happy',NULL,'2026-04-23','2026-04-23 08:48:00'),(1416,30,5,'calm',NULL,'2026-04-24','2026-04-24 08:47:00'),(1417,30,8,'happy',NULL,'2026-04-25','2026-04-25 21:36:00'),(1418,30,7,'happy',NULL,'2026-04-26','2026-04-26 20:20:00'),(1419,30,6,'calm',NULL,'2026-04-27','2026-04-27 16:00:00'),(1420,30,7,'calm',NULL,'2026-04-28','2026-04-28 20:00:00'),(1421,30,9,'calm',NULL,'2026-04-30','2026-04-30 20:33:00'),(1422,30,7,'happy',NULL,'2026-05-02','2026-05-02 20:51:00'),(1423,30,7,'happy',NULL,'2026-05-03','2026-05-03 21:22:00'),(1424,30,9,'happy',NULL,'2026-05-04','2026-05-04 19:37:00'),(1425,30,9,'calm',NULL,'2026-05-05','2026-05-05 20:48:00'),(1426,30,9,'tired',NULL,'2026-05-07','2026-05-07 12:36:00'),(1427,30,6,'calm',NULL,'2026-05-08','2026-05-08 19:37:00'),(1428,30,5,'happy',NULL,'2026-05-09','2026-05-09 12:55:00'),(1429,30,5,'calm',NULL,'2026-05-11','2026-05-11 13:01:00'),(1430,30,9,'calm',NULL,'2026-05-12','2026-05-12 17:11:00'),(1431,30,7,'calm',NULL,'2026-05-13','2026-05-13 08:00:00'),(1432,30,6,'happy',NULL,'2026-05-14','2026-05-14 15:04:00'),(1433,30,9,'happy',NULL,'2026-05-15','2026-05-15 16:08:00'),(1434,30,7,'happy',NULL,'2026-05-16','2026-05-16 15:47:00'),(1435,30,5,'tired',NULL,'2026-05-18','2026-05-18 21:40:00'),(1436,30,8,'happy',NULL,'2026-05-19','2026-05-19 19:26:00'),(1437,30,8,'happy',NULL,'2026-05-20','2026-05-20 22:16:00'),(1438,30,6,'calm',NULL,'2026-05-21','2026-05-21 08:33:00'),(1439,30,8,'happy',NULL,'2026-05-22','2026-05-22 12:29:00'),(1440,30,8,'happy',NULL,'2026-05-24','2026-05-24 22:44:00'),(1441,31,8,'calm',NULL,'2026-03-26','2026-03-26 21:44:00'),(1442,31,6,'tired',NULL,'2026-03-27','2026-03-27 14:44:00'),(1443,31,9,'tired',NULL,'2026-03-28','2026-03-28 11:00:00'),(1444,31,9,'happy',NULL,'2026-03-30','2026-03-30 13:12:00'),(1445,31,5,'calm',NULL,'2026-04-01','2026-04-01 22:38:00'),(1446,31,6,'calm',NULL,'2026-04-04','2026-04-04 08:13:00'),(1447,31,7,'calm',NULL,'2026-04-05','2026-04-05 20:17:00'),(1448,31,8,'happy',NULL,'2026-04-06','2026-04-06 22:28:00'),(1449,31,5,'calm',NULL,'2026-04-07','2026-04-07 19:04:00'),(1450,31,7,'tired',NULL,'2026-04-10','2026-04-10 14:05:00'),(1451,31,9,'happy',NULL,'2026-04-11','2026-04-11 09:02:00'),(1452,31,8,'calm',NULL,'2026-04-12','2026-04-12 22:26:00'),(1453,31,7,'happy',NULL,'2026-04-15','2026-04-15 08:02:00'),(1454,31,8,'happy',NULL,'2026-04-18','2026-04-18 21:44:00'),(1455,31,7,'happy',NULL,'2026-04-19','2026-04-19 09:10:00'),(1456,31,5,'happy',NULL,'2026-04-21','2026-04-21 11:55:00'),(1457,31,5,'happy',NULL,'2026-04-22','2026-04-22 17:58:00'),(1458,31,7,'happy',NULL,'2026-04-23','2026-04-23 19:11:00'),(1459,31,6,'tired',NULL,'2026-04-26','2026-04-26 19:36:00'),(1460,31,6,'happy',NULL,'2026-04-28','2026-04-28 14:05:00'),(1461,31,5,'calm',NULL,'2026-04-29','2026-04-29 08:12:00'),(1462,31,9,'calm',NULL,'2026-04-30','2026-04-30 22:57:00'),(1463,31,7,'happy',NULL,'2026-05-01','2026-05-01 09:00:00'),(1464,31,7,'happy',NULL,'2026-05-03','2026-05-03 13:08:00'),(1465,31,7,'calm',NULL,'2026-05-04','2026-05-04 18:53:00'),(1466,31,9,'happy',NULL,'2026-05-06','2026-05-06 10:54:00'),(1467,31,6,'tired',NULL,'2026-05-07','2026-05-07 18:29:00'),(1468,31,6,'tired',NULL,'2026-05-08','2026-05-08 18:29:00'),(1469,31,8,'happy',NULL,'2026-05-09','2026-05-09 17:39:00'),(1470,31,9,'happy',NULL,'2026-05-10','2026-05-10 14:44:00'),(1471,31,5,'calm',NULL,'2026-05-12','2026-05-12 20:28:00'),(1472,31,5,'happy',NULL,'2026-05-13','2026-05-13 14:06:00'),(1473,31,7,'happy',NULL,'2026-05-14','2026-05-14 16:24:00'),(1474,31,6,'calm',NULL,'2026-05-15','2026-05-15 11:01:00'),(1475,31,7,'calm',NULL,'2026-05-16','2026-05-16 15:14:00'),(1476,31,5,'calm',NULL,'2026-05-17','2026-05-17 16:01:00'),(1477,31,9,'happy',NULL,'2026-05-20','2026-05-20 22:30:00'),(1478,31,7,'calm',NULL,'2026-05-21','2026-05-21 17:37:00'),(1479,31,6,'tired',NULL,'2026-05-23','2026-05-23 11:39:00'),(1480,31,5,'tired',NULL,'2026-05-24','2026-05-24 10:44:00'),(1481,32,9,'calm',NULL,'2026-03-25','2026-03-25 17:12:00'),(1482,32,8,'happy',NULL,'2026-03-26','2026-03-26 12:10:00'),(1483,32,6,'calm',NULL,'2026-03-27','2026-03-27 08:15:00'),(1484,32,6,'happy',NULL,'2026-03-28','2026-03-28 08:11:00'),(1485,32,9,'happy',NULL,'2026-03-30','2026-03-30 22:56:00'),(1486,32,7,'happy',NULL,'2026-04-02','2026-04-02 22:52:00'),(1487,32,9,'happy',NULL,'2026-04-03','2026-04-03 10:18:00'),(1488,32,9,'calm',NULL,'2026-04-06','2026-04-06 12:21:00'),(1489,32,8,'tired',NULL,'2026-04-07','2026-04-07 14:23:00'),(1490,32,7,'happy',NULL,'2026-04-08','2026-04-08 14:55:00'),(1491,32,7,'calm',NULL,'2026-04-09','2026-04-09 09:01:00'),(1492,32,7,'calm',NULL,'2026-04-10','2026-04-10 12:20:00'),(1493,32,7,'happy',NULL,'2026-04-11','2026-04-11 18:25:00'),(1494,32,7,'tired',NULL,'2026-04-12','2026-04-12 21:08:00'),(1495,32,9,'happy',NULL,'2026-04-13','2026-04-13 08:29:00'),(1496,32,5,'calm',NULL,'2026-04-15','2026-04-15 15:40:00'),(1497,32,5,'tired',NULL,'2026-04-18','2026-04-18 11:36:00'),(1498,32,7,'tired',NULL,'2026-04-19','2026-04-19 15:49:00'),(1499,32,8,'tired',NULL,'2026-04-21','2026-04-21 19:23:00'),(1500,32,5,'tired',NULL,'2026-04-25','2026-04-25 09:25:00'),(1501,32,5,'calm',NULL,'2026-04-26','2026-04-26 15:44:00'),(1502,32,6,'calm',NULL,'2026-04-28','2026-04-28 19:36:00'),(1503,32,5,'calm',NULL,'2026-04-29','2026-04-29 17:36:00'),(1504,32,7,'calm',NULL,'2026-04-30','2026-04-30 21:43:00'),(1505,32,8,'calm',NULL,'2026-05-01','2026-05-01 14:36:00'),(1506,32,6,'happy',NULL,'2026-05-02','2026-05-02 20:10:00'),(1507,32,5,'calm',NULL,'2026-05-03','2026-05-03 18:40:00'),(1508,32,9,'happy',NULL,'2026-05-04','2026-05-04 10:46:00'),(1509,32,9,'happy',NULL,'2026-05-05','2026-05-05 22:16:00'),(1510,32,8,'happy',NULL,'2026-05-08','2026-05-08 11:45:00'),(1511,32,7,'happy',NULL,'2026-05-09','2026-05-09 19:00:00'),(1512,32,6,'calm',NULL,'2026-05-11','2026-05-11 09:56:00'),(1513,32,6,'tired',NULL,'2026-05-13','2026-05-13 11:02:00'),(1514,32,5,'calm',NULL,'2026-05-15','2026-05-15 10:55:00'),(1515,32,6,'calm',NULL,'2026-05-16','2026-05-16 10:04:00'),(1516,32,6,'happy',NULL,'2026-05-18','2026-05-18 12:40:00'),(1517,32,9,'calm',NULL,'2026-05-19','2026-05-19 12:11:00'),(1518,32,6,'calm',NULL,'2026-05-20','2026-05-20 20:17:00'),(1519,32,8,'happy',NULL,'2026-05-22','2026-05-22 09:18:00'),(1520,32,8,'calm',NULL,'2026-05-23','2026-05-23 21:29:00'),(1521,33,5,'tired',NULL,'2026-03-26','2026-03-26 14:38:00'),(1522,33,9,'calm',NULL,'2026-03-30','2026-03-30 12:32:00'),(1523,33,9,'happy',NULL,'2026-03-31','2026-03-31 16:38:00'),(1524,33,6,'calm',NULL,'2026-04-01','2026-04-01 18:28:00'),(1525,33,7,'tired',NULL,'2026-04-04','2026-04-04 09:03:00'),(1526,33,6,'calm',NULL,'2026-04-06','2026-04-06 08:47:00'),(1527,33,6,'tired',NULL,'2026-04-07','2026-04-07 12:13:00'),(1528,33,9,'calm',NULL,'2026-04-09','2026-04-09 15:32:00'),(1529,33,7,'calm',NULL,'2026-04-10','2026-04-10 08:42:00'),(1530,33,9,'happy',NULL,'2026-04-11','2026-04-11 14:13:00'),(1531,33,8,'calm',NULL,'2026-04-13','2026-04-13 08:47:00'),(1532,33,7,'calm',NULL,'2026-04-14','2026-04-14 10:16:00'),(1533,33,6,'happy',NULL,'2026-04-15','2026-04-15 21:40:00'),(1534,33,9,'tired',NULL,'2026-04-17','2026-04-17 18:54:00'),(1535,33,6,'happy',NULL,'2026-04-18','2026-04-18 12:38:00'),(1536,33,6,'calm',NULL,'2026-04-21','2026-04-21 11:22:00'),(1537,33,5,'happy',NULL,'2026-04-24','2026-04-24 09:05:00'),(1538,33,6,'calm',NULL,'2026-04-25','2026-04-25 20:49:00'),(1539,33,9,'tired',NULL,'2026-04-26','2026-04-26 11:36:00'),(1540,33,8,'happy',NULL,'2026-04-27','2026-04-27 11:14:00'),(1541,33,7,'calm',NULL,'2026-04-28','2026-04-28 09:23:00'),(1542,33,5,'calm',NULL,'2026-04-29','2026-04-29 09:14:00'),(1543,33,5,'calm',NULL,'2026-04-30','2026-04-30 21:26:00'),(1544,33,5,'calm',NULL,'2026-05-01','2026-05-01 11:36:00'),(1545,33,7,'happy',NULL,'2026-05-02','2026-05-02 10:44:00'),(1546,33,6,'happy',NULL,'2026-05-05','2026-05-05 10:33:00'),(1547,33,7,'calm',NULL,'2026-05-06','2026-05-06 12:40:00'),(1548,33,5,'happy',NULL,'2026-05-07','2026-05-07 22:10:00'),(1549,33,6,'happy',NULL,'2026-05-09','2026-05-09 19:48:00'),(1550,33,6,'calm',NULL,'2026-05-10','2026-05-10 14:25:00'),(1551,33,9,'calm',NULL,'2026-05-12','2026-05-12 17:54:00'),(1552,33,5,'tired',NULL,'2026-05-14','2026-05-14 08:52:00'),(1553,33,9,'calm',NULL,'2026-05-15','2026-05-15 22:15:00'),(1554,33,5,'calm',NULL,'2026-05-16','2026-05-16 09:00:00'),(1555,33,9,'calm',NULL,'2026-05-17','2026-05-17 18:03:00'),(1556,33,6,'tired',NULL,'2026-05-18','2026-05-18 16:02:00'),(1557,33,6,'calm',NULL,'2026-05-20','2026-05-20 22:30:00'),(1558,33,5,'tired',NULL,'2026-05-21','2026-05-21 21:14:00'),(1559,33,6,'tired',NULL,'2026-05-22','2026-05-22 21:19:00'),(1560,33,6,'tired',NULL,'2026-05-23','2026-05-23 13:09:00'),(1561,33,7,'calm',NULL,'2026-05-24','2026-05-24 19:45:00'),(1562,34,9,'calm',NULL,'2026-03-27','2026-03-27 21:53:00'),(1563,34,7,'tired',NULL,'2026-03-28','2026-03-28 12:25:00'),(1564,34,7,'happy',NULL,'2026-03-29','2026-03-29 17:31:00'),(1565,34,6,'calm',NULL,'2026-03-30','2026-03-30 19:41:00'),(1566,34,6,'happy',NULL,'2026-03-31','2026-03-31 19:30:00'),(1567,34,6,'happy',NULL,'2026-04-02','2026-04-02 21:07:00'),(1568,34,7,'calm',NULL,'2026-04-03','2026-04-03 15:19:00'),(1569,34,5,'happy',NULL,'2026-04-05','2026-04-05 14:13:00'),(1570,34,9,'happy',NULL,'2026-04-06','2026-04-06 21:56:00'),(1571,34,9,'tired',NULL,'2026-04-07','2026-04-07 10:17:00'),(1572,34,8,'happy',NULL,'2026-04-08','2026-04-08 14:37:00'),(1573,34,6,'happy',NULL,'2026-04-12','2026-04-12 16:59:00'),(1574,34,5,'happy',NULL,'2026-04-13','2026-04-13 10:40:00'),(1575,34,6,'happy',NULL,'2026-04-14','2026-04-14 21:29:00'),(1576,34,6,'happy',NULL,'2026-04-15','2026-04-15 08:14:00'),(1577,34,5,'tired',NULL,'2026-04-20','2026-04-20 09:28:00'),(1578,34,7,'tired',NULL,'2026-04-21','2026-04-21 14:46:00'),(1579,34,7,'happy',NULL,'2026-04-22','2026-04-22 14:45:00'),(1580,34,6,'calm',NULL,'2026-04-23','2026-04-23 14:33:00'),(1581,34,6,'tired',NULL,'2026-04-25','2026-04-25 13:11:00'),(1582,34,6,'happy',NULL,'2026-04-26','2026-04-26 11:04:00'),(1583,34,6,'calm',NULL,'2026-04-27','2026-04-27 14:52:00'),(1584,34,7,'calm',NULL,'2026-04-29','2026-04-29 11:03:00'),(1585,34,8,'calm',NULL,'2026-04-30','2026-04-30 15:52:00'),(1586,34,6,'calm',NULL,'2026-05-02','2026-05-02 08:35:00'),(1587,34,8,'tired',NULL,'2026-05-03','2026-05-03 08:08:00'),(1588,34,9,'calm',NULL,'2026-05-04','2026-05-04 16:54:00'),(1589,34,8,'tired',NULL,'2026-05-05','2026-05-05 15:26:00'),(1590,34,7,'calm',NULL,'2026-05-06','2026-05-06 19:48:00'),(1591,34,6,'happy',NULL,'2026-05-07','2026-05-07 17:45:00'),(1592,34,5,'calm',NULL,'2026-05-08','2026-05-08 15:40:00'),(1593,34,8,'tired',NULL,'2026-05-10','2026-05-10 20:28:00'),(1594,34,8,'tired',NULL,'2026-05-11','2026-05-11 15:27:00'),(1595,34,6,'calm',NULL,'2026-05-13','2026-05-13 16:14:00'),(1596,34,6,'calm',NULL,'2026-05-16','2026-05-16 19:43:00'),(1597,34,8,'calm',NULL,'2026-05-17','2026-05-17 20:46:00'),(1598,34,7,'happy',NULL,'2026-05-18','2026-05-18 20:00:00'),(1599,34,6,'calm',NULL,'2026-05-19','2026-05-19 20:25:00'),(1600,34,9,'happy',NULL,'2026-05-23','2026-05-23 22:51:00'),(1601,34,5,'tired',NULL,'2026-05-24','2026-05-24 11:52:00'),(1602,35,9,'tired',NULL,'2026-03-26','2026-03-26 10:38:00'),(1603,35,5,'tired',NULL,'2026-03-27','2026-03-27 18:41:00'),(1604,35,5,'happy',NULL,'2026-03-28','2026-03-28 20:31:00'),(1605,35,5,'happy',NULL,'2026-03-31','2026-03-31 11:44:00'),(1606,35,5,'happy',NULL,'2026-04-01','2026-04-01 13:49:00'),(1607,35,8,'calm',NULL,'2026-04-02','2026-04-02 14:19:00'),(1608,35,7,'tired',NULL,'2026-04-03','2026-04-03 17:30:00'),(1609,35,9,'tired',NULL,'2026-04-04','2026-04-04 13:18:00'),(1610,35,9,'happy',NULL,'2026-04-05','2026-04-05 20:27:00'),(1611,35,7,'happy',NULL,'2026-04-06','2026-04-06 10:34:00'),(1612,35,7,'happy',NULL,'2026-04-07','2026-04-07 08:30:00'),(1613,35,7,'calm',NULL,'2026-04-08','2026-04-08 20:14:00'),(1614,35,8,'tired',NULL,'2026-04-11','2026-04-11 18:23:00'),(1615,35,8,'happy',NULL,'2026-04-12','2026-04-12 17:17:00'),(1616,35,9,'happy',NULL,'2026-04-13','2026-04-13 12:06:00'),(1617,35,6,'happy',NULL,'2026-04-15','2026-04-15 19:16:00'),(1618,35,6,'tired',NULL,'2026-04-16','2026-04-16 09:35:00'),(1619,35,8,'calm',NULL,'2026-04-17','2026-04-17 12:07:00'),(1620,35,8,'calm',NULL,'2026-04-18','2026-04-18 08:06:00'),(1621,35,8,'calm',NULL,'2026-04-20','2026-04-20 17:44:00'),(1622,35,7,'calm',NULL,'2026-04-23','2026-04-23 09:31:00'),(1623,35,7,'tired',NULL,'2026-04-26','2026-04-26 16:41:00'),(1624,35,9,'calm',NULL,'2026-04-28','2026-04-28 10:30:00'),(1625,35,6,'tired',NULL,'2026-04-30','2026-04-30 21:48:00'),(1626,35,8,'happy',NULL,'2026-05-03','2026-05-03 17:10:00'),(1627,35,8,'happy',NULL,'2026-05-04','2026-05-04 14:31:00'),(1628,35,5,'happy',NULL,'2026-05-05','2026-05-05 20:38:00'),(1629,35,7,'happy',NULL,'2026-05-07','2026-05-07 22:14:00'),(1630,35,8,'tired',NULL,'2026-05-09','2026-05-09 20:47:00'),(1631,35,5,'calm',NULL,'2026-05-10','2026-05-10 10:28:00'),(1632,35,8,'calm',NULL,'2026-05-11','2026-05-11 18:14:00'),(1633,35,6,'calm',NULL,'2026-05-12','2026-05-12 10:47:00'),(1634,35,8,'happy',NULL,'2026-05-16','2026-05-16 15:05:00'),(1635,35,6,'happy',NULL,'2026-05-17','2026-05-17 19:26:00'),(1636,35,9,'tired',NULL,'2026-05-18','2026-05-18 12:27:00'),(1637,35,9,'tired',NULL,'2026-05-21','2026-05-21 22:02:00'),(1638,35,8,'tired',NULL,'2026-05-22','2026-05-22 19:42:00'),(1639,35,5,'happy',NULL,'2026-05-23','2026-05-23 18:05:00'),(1640,36,4,'calm',NULL,'2026-03-25','2026-03-25 14:14:00'),(1641,36,2,'anxious',NULL,'2026-03-26','2026-03-26 11:29:00'),(1642,36,4,'sad',NULL,'2026-03-27','2026-03-27 13:37:00'),(1643,36,4,'sad',NULL,'2026-03-28','2026-03-28 20:26:00'),(1644,36,4,'sad',NULL,'2026-03-29','2026-03-29 10:00:00'),(1645,36,3,'sad',NULL,'2026-03-30','2026-03-30 12:21:00'),(1646,36,2,'tired',NULL,'2026-03-31','2026-03-31 14:43:00'),(1647,36,4,'tired',NULL,'2026-04-02','2026-04-02 20:58:00'),(1648,36,5,'sad',NULL,'2026-04-03','2026-04-03 22:57:00'),(1649,36,2,'sad',NULL,'2026-04-04','2026-04-04 16:25:00'),(1650,36,2,'sad',NULL,'2026-04-05','2026-04-05 18:44:00'),(1651,36,4,'sad',NULL,'2026-04-06','2026-04-06 16:52:00'),(1652,36,2,'sad',NULL,'2026-04-08','2026-04-08 10:34:00'),(1653,36,2,'sad',NULL,'2026-04-11','2026-04-11 09:06:00'),(1654,36,3,'anxious',NULL,'2026-04-15','2026-04-15 10:03:00'),(1655,36,4,'anxious',NULL,'2026-04-16','2026-04-16 08:40:00'),(1656,36,5,'sad',NULL,'2026-04-22','2026-04-22 15:05:00'),(1657,36,2,'sad',NULL,'2026-04-24','2026-04-24 10:28:00'),(1658,36,3,'sad',NULL,'2026-04-25','2026-04-25 22:42:00'),(1659,36,4,'sad',NULL,'2026-04-26','2026-04-26 18:08:00'),(1660,36,3,'anxious',NULL,'2026-04-27','2026-04-27 12:20:00'),(1661,36,2,'sad',NULL,'2026-04-28','2026-04-28 09:43:00'),(1662,36,3,'sad',NULL,'2026-04-29','2026-04-29 10:24:00'),(1663,36,2,'sad',NULL,'2026-04-30','2026-04-30 08:55:00'),(1664,36,4,'calm',NULL,'2026-05-01','2026-05-01 22:21:00'),(1665,36,2,'sad',NULL,'2026-05-02','2026-05-02 12:52:00'),(1666,36,5,'anxious',NULL,'2026-05-03','2026-05-03 16:36:00'),(1667,36,3,'sad',NULL,'2026-05-04','2026-05-04 12:57:00'),(1668,36,2,'anxious',NULL,'2026-05-05','2026-05-05 15:40:00'),(1669,36,2,'anxious',NULL,'2026-05-06','2026-05-06 13:19:00'),(1670,36,5,'anxious',NULL,'2026-05-07','2026-05-07 17:08:00'),(1671,36,3,'calm',NULL,'2026-05-08','2026-05-08 10:36:00'),(1672,36,4,'sad',NULL,'2026-05-09','2026-05-09 18:59:00'),(1673,36,2,'tired',NULL,'2026-05-11','2026-05-11 19:14:00'),(1674,36,4,'tired',NULL,'2026-05-12','2026-05-12 16:37:00'),(1675,36,3,'anxious',NULL,'2026-05-13','2026-05-13 13:20:00'),(1676,36,5,'tired',NULL,'2026-05-14','2026-05-14 14:00:00'),(1677,36,2,'sad',NULL,'2026-05-15','2026-05-15 13:22:00'),(1678,36,5,'anxious',NULL,'2026-05-16','2026-05-16 10:52:00'),(1679,36,3,'calm',NULL,'2026-05-17','2026-05-17 22:13:00'),(1680,36,3,'anxious',NULL,'2026-05-19','2026-05-19 09:01:00'),(1681,36,5,'anxious',NULL,'2026-05-22','2026-05-22 16:57:00'),(1682,37,6,'calm',NULL,'2026-03-27','2026-03-27 21:05:00'),(1683,37,9,'happy',NULL,'2026-03-29','2026-03-29 11:21:00'),(1684,37,5,'calm',NULL,'2026-03-30','2026-03-30 21:45:00'),(1685,37,7,'tired',NULL,'2026-03-31','2026-03-31 18:18:00'),(1686,37,9,'happy',NULL,'2026-04-01','2026-04-01 21:43:00'),(1687,37,6,'tired',NULL,'2026-04-02','2026-04-02 09:11:00'),(1688,37,7,'tired',NULL,'2026-04-03','2026-04-03 17:02:00'),(1689,37,9,'calm',NULL,'2026-04-04','2026-04-04 17:35:00'),(1690,37,8,'happy',NULL,'2026-04-05','2026-04-05 21:32:00'),(1691,37,5,'calm',NULL,'2026-04-06','2026-04-06 21:02:00'),(1692,37,7,'calm',NULL,'2026-04-07','2026-04-07 18:12:00'),(1693,37,7,'calm',NULL,'2026-04-08','2026-04-08 21:06:00'),(1694,37,5,'tired',NULL,'2026-04-09','2026-04-09 15:46:00'),(1695,37,5,'calm',NULL,'2026-04-10','2026-04-10 20:03:00'),(1696,37,8,'tired',NULL,'2026-04-11','2026-04-11 09:24:00'),(1697,37,6,'calm',NULL,'2026-04-12','2026-04-12 22:08:00'),(1698,37,7,'calm',NULL,'2026-04-13','2026-04-13 10:38:00'),(1699,37,8,'calm',NULL,'2026-04-14','2026-04-14 22:17:00'),(1700,37,7,'calm',NULL,'2026-04-15','2026-04-15 15:15:00'),(1701,37,6,'happy',NULL,'2026-04-16','2026-04-16 11:02:00'),(1702,37,9,'happy',NULL,'2026-04-17','2026-04-17 20:17:00'),(1703,37,7,'happy',NULL,'2026-04-18','2026-04-18 19:38:00'),(1704,37,5,'happy',NULL,'2026-04-20','2026-04-20 09:27:00'),(1705,37,7,'tired',NULL,'2026-04-21','2026-04-21 08:11:00'),(1706,37,8,'calm',NULL,'2026-04-24','2026-04-24 15:44:00'),(1707,37,9,'happy',NULL,'2026-04-25','2026-04-25 11:45:00'),(1708,37,5,'tired',NULL,'2026-04-26','2026-04-26 22:23:00'),(1709,37,8,'happy',NULL,'2026-04-29','2026-04-29 08:52:00'),(1710,37,8,'tired',NULL,'2026-05-01','2026-05-01 12:25:00'),(1711,37,6,'calm',NULL,'2026-05-02','2026-05-02 16:42:00'),(1712,37,6,'calm',NULL,'2026-05-05','2026-05-05 22:24:00'),(1713,37,8,'tired',NULL,'2026-05-06','2026-05-06 15:53:00'),(1714,37,7,'happy',NULL,'2026-05-07','2026-05-07 11:02:00'),(1715,37,8,'tired',NULL,'2026-05-09','2026-05-09 08:26:00'),(1716,37,5,'happy',NULL,'2026-05-10','2026-05-10 12:25:00'),(1717,37,5,'happy',NULL,'2026-05-11','2026-05-11 18:14:00'),(1718,37,8,'happy',NULL,'2026-05-12','2026-05-12 21:00:00'),(1719,37,7,'tired',NULL,'2026-05-13','2026-05-13 12:49:00'),(1720,37,7,'tired',NULL,'2026-05-16','2026-05-16 08:24:00'),(1721,37,5,'calm',NULL,'2026-05-17','2026-05-17 10:25:00'),(1722,37,9,'calm',NULL,'2026-05-20','2026-05-20 08:12:00'),(1723,37,5,'calm',NULL,'2026-05-21','2026-05-21 22:24:00'),(1724,37,6,'tired',NULL,'2026-05-22','2026-05-22 15:27:00'),(1725,37,5,'happy',NULL,'2026-05-23','2026-05-23 08:21:00'),(1726,38,6,'calm',NULL,'2026-03-25','2026-03-25 10:40:00'),(1727,38,5,'tired',NULL,'2026-03-27','2026-03-27 19:09:00'),(1728,38,8,'calm',NULL,'2026-03-28','2026-03-28 21:45:00'),(1729,38,8,'tired',NULL,'2026-03-29','2026-03-29 11:31:00'),(1730,38,9,'happy',NULL,'2026-03-30','2026-03-30 21:49:00'),(1731,38,8,'calm',NULL,'2026-03-31','2026-03-31 20:31:00'),(1732,38,8,'calm',NULL,'2026-04-02','2026-04-02 19:07:00'),(1733,38,5,'calm',NULL,'2026-04-03','2026-04-03 16:31:00'),(1734,38,9,'tired',NULL,'2026-04-05','2026-04-05 14:00:00'),(1735,38,6,'calm',NULL,'2026-04-08','2026-04-08 16:03:00'),(1736,38,9,'calm',NULL,'2026-04-09','2026-04-09 12:15:00'),(1737,38,5,'happy',NULL,'2026-04-10','2026-04-10 16:50:00'),(1738,38,5,'calm',NULL,'2026-04-11','2026-04-11 12:03:00'),(1739,38,8,'tired',NULL,'2026-04-12','2026-04-12 15:17:00'),(1740,38,6,'happy',NULL,'2026-04-13','2026-04-13 18:26:00'),(1741,38,6,'calm',NULL,'2026-04-15','2026-04-15 11:31:00'),(1742,38,7,'happy',NULL,'2026-04-17','2026-04-17 14:32:00'),(1743,38,8,'happy',NULL,'2026-04-18','2026-04-18 10:54:00'),(1744,38,7,'happy',NULL,'2026-04-20','2026-04-20 12:25:00'),(1745,38,6,'calm',NULL,'2026-04-21','2026-04-21 09:53:00'),(1746,38,6,'happy',NULL,'2026-04-23','2026-04-23 12:32:00'),(1747,38,5,'happy',NULL,'2026-04-24','2026-04-24 08:41:00'),(1748,38,8,'calm',NULL,'2026-04-26','2026-04-26 21:33:00'),(1749,38,5,'calm',NULL,'2026-04-29','2026-04-29 11:23:00'),(1750,38,5,'happy',NULL,'2026-05-01','2026-05-01 11:26:00'),(1751,38,5,'happy',NULL,'2026-05-02','2026-05-02 12:10:00'),(1752,38,9,'happy',NULL,'2026-05-05','2026-05-05 09:58:00'),(1753,38,6,'calm',NULL,'2026-05-06','2026-05-06 21:47:00'),(1754,38,8,'happy',NULL,'2026-05-08','2026-05-08 20:32:00'),(1755,38,8,'happy',NULL,'2026-05-11','2026-05-11 15:37:00'),(1756,38,8,'calm',NULL,'2026-05-12','2026-05-12 08:34:00'),(1757,38,8,'happy',NULL,'2026-05-13','2026-05-13 16:26:00'),(1758,38,7,'happy',NULL,'2026-05-14','2026-05-14 10:29:00'),(1759,38,5,'happy',NULL,'2026-05-15','2026-05-15 14:55:00'),(1760,38,8,'tired',NULL,'2026-05-17','2026-05-17 11:49:00'),(1761,38,9,'calm',NULL,'2026-05-19','2026-05-19 18:47:00'),(1762,38,6,'tired',NULL,'2026-05-22','2026-05-22 20:41:00'),(1763,38,8,'happy',NULL,'2026-05-23','2026-05-23 13:37:00'),(1764,38,8,'calm',NULL,'2026-05-24','2026-05-24 21:53:00'),(1765,39,6,'calm',NULL,'2026-03-27','2026-03-27 12:37:00'),(1766,39,8,'calm',NULL,'2026-03-28','2026-03-28 09:17:00'),(1767,39,8,'happy',NULL,'2026-03-30','2026-03-30 13:18:00'),(1768,39,9,'calm',NULL,'2026-04-03','2026-04-03 15:49:00'),(1769,39,9,'happy',NULL,'2026-04-04','2026-04-04 20:49:00'),(1770,39,6,'happy',NULL,'2026-04-05','2026-04-05 12:02:00'),(1771,39,6,'happy',NULL,'2026-04-06','2026-04-06 13:38:00'),(1772,39,6,'calm',NULL,'2026-04-07','2026-04-07 19:02:00'),(1773,39,5,'calm',NULL,'2026-04-08','2026-04-08 15:37:00'),(1774,39,6,'happy',NULL,'2026-04-09','2026-04-09 21:36:00'),(1775,39,7,'calm',NULL,'2026-04-12','2026-04-12 16:55:00'),(1776,39,6,'happy',NULL,'2026-04-13','2026-04-13 13:46:00'),(1777,39,8,'calm',NULL,'2026-04-14','2026-04-14 15:04:00'),(1778,39,8,'happy',NULL,'2026-04-15','2026-04-15 12:02:00'),(1779,39,6,'calm',NULL,'2026-04-17','2026-04-17 09:49:00'),(1780,39,7,'happy',NULL,'2026-04-18','2026-04-18 17:30:00'),(1781,39,5,'calm',NULL,'2026-04-19','2026-04-19 16:13:00'),(1782,39,6,'happy',NULL,'2026-04-20','2026-04-20 18:04:00'),(1783,39,5,'calm',NULL,'2026-04-22','2026-04-22 12:23:00'),(1784,39,7,'calm',NULL,'2026-04-23','2026-04-23 15:50:00'),(1785,39,6,'happy',NULL,'2026-04-24','2026-04-24 19:54:00'),(1786,39,6,'happy',NULL,'2026-04-25','2026-04-25 21:08:00'),(1787,39,5,'happy',NULL,'2026-04-26','2026-04-26 20:19:00'),(1788,39,5,'tired',NULL,'2026-04-27','2026-04-27 09:37:00'),(1789,39,5,'happy',NULL,'2026-04-28','2026-04-28 12:52:00'),(1790,39,8,'happy',NULL,'2026-04-29','2026-04-29 20:40:00'),(1791,39,5,'tired',NULL,'2026-04-30','2026-04-30 10:42:00'),(1792,39,8,'tired',NULL,'2026-05-01','2026-05-01 20:32:00'),(1793,39,5,'calm',NULL,'2026-05-02','2026-05-02 20:49:00'),(1794,39,9,'calm',NULL,'2026-05-03','2026-05-03 20:34:00'),(1795,39,7,'tired',NULL,'2026-05-04','2026-05-04 18:12:00'),(1796,39,8,'calm',NULL,'2026-05-05','2026-05-05 21:16:00'),(1797,39,8,'calm',NULL,'2026-05-06','2026-05-06 22:34:00'),(1798,39,9,'calm',NULL,'2026-05-07','2026-05-07 13:07:00'),(1799,39,8,'happy',NULL,'2026-05-08','2026-05-08 17:12:00'),(1800,39,8,'tired',NULL,'2026-05-09','2026-05-09 09:26:00'),(1801,39,7,'calm',NULL,'2026-05-12','2026-05-12 17:50:00'),(1802,39,6,'calm',NULL,'2026-05-13','2026-05-13 11:14:00'),(1803,39,8,'happy',NULL,'2026-05-17','2026-05-17 10:15:00'),(1804,39,8,'calm',NULL,'2026-05-19','2026-05-19 10:26:00'),(1805,39,8,'calm',NULL,'2026-05-21','2026-05-21 12:06:00'),(1806,39,6,'happy',NULL,'2026-05-22','2026-05-22 19:43:00');
/*!40000 ALTER TABLE `mood_record` ENABLE KEYS */;
UNLOCK TABLES;

--
-- Table structure for table `system_config`
--

DROP TABLE IF EXISTS `system_config`;
/*!40101 SET @saved_cs_client     = @@character_set_client */;
/*!50503 SET character_set_client = utf8mb4 */;
CREATE TABLE `system_config` (
  `id` bigint unsigned NOT NULL AUTO_INCREMENT COMMENT '主键',
  `config_key` varchar(128) COLLATE utf8mb4_unicode_ci NOT NULL COMMENT '配置键',
  `config_value` mediumtext COLLATE utf8mb4_unicode_ci COMMENT '配置值',
  `description` varchar(255) COLLATE utf8mb4_unicode_ci DEFAULT NULL COMMENT '说明',
  `create_time` datetime NOT NULL DEFAULT CURRENT_TIMESTAMP COMMENT '创建时间',
  `update_time` datetime NOT NULL DEFAULT CURRENT_TIMESTAMP ON UPDATE CURRENT_TIMESTAMP COMMENT '更新时间',
  PRIMARY KEY (`id`),
  UNIQUE KEY `uk_system_config_key` (`config_key`)
) ENGINE=InnoDB AUTO_INCREMENT=4 DEFAULT CHARSET=utf8mb4 COLLATE=utf8mb4_unicode_ci COMMENT='系统配置';
/*!40101 SET character_set_client = @saved_cs_client */;

--
-- Dumping data for table `system_config`
--

LOCK TABLES `system_config` WRITE;
/*!40000 ALTER TABLE `system_config` DISABLE KEYS */;
INSERT INTO `system_config` VALUES (1,'crisis.keyword.list','自杀,自残,不想活了','危机检测关键词列表（逗号分隔）','2026-05-07 23:17:02','2026-05-07 23:17:02'),(2,'emotion.score.threshold.low','40','情感分数低于该值触发关注提醒','2026-05-07 23:17:02','2026-05-07 23:17:02'),(3,'chat.session.max_per_day','20','普通用户每日新建会话上限','2026-05-07 23:17:02','2026-05-07 23:17:02');
/*!40000 ALTER TABLE `system_config` ENABLE KEYS */;
UNLOCK TABLES;

--
-- Table structure for table `user`
--

DROP TABLE IF EXISTS `user`;
/*!40101 SET @saved_cs_client     = @@character_set_client */;
/*!50503 SET character_set_client = utf8mb4 */;
CREATE TABLE `user` (
  `id` bigint unsigned NOT NULL AUTO_INCREMENT COMMENT '主键',
  `username` varchar(64) COLLATE utf8mb4_unicode_ci NOT NULL COMMENT '登录名',
  `password` varchar(128) COLLATE utf8mb4_unicode_ci NOT NULL COMMENT '密码哈希',
  `nickname` varchar(64) COLLATE utf8mb4_unicode_ci DEFAULT NULL COMMENT '昵称',
  `phone` varchar(20) COLLATE utf8mb4_unicode_ci DEFAULT NULL COMMENT '手机号',
  `email` varchar(128) COLLATE utf8mb4_unicode_ci DEFAULT NULL COMMENT '邮箱',
  `role` varchar(20) COLLATE utf8mb4_unicode_ci DEFAULT 'user',
  `avatar` varchar(500) COLLATE utf8mb4_unicode_ci DEFAULT NULL COMMENT '头像URL',
  `gender` tinyint DEFAULT '0' COMMENT '性别',
  `age` int DEFAULT NULL COMMENT '年龄',
  `occupation` varchar(50) COLLATE utf8mb4_unicode_ci DEFAULT NULL COMMENT '职业',
  `bio` varchar(500) COLLATE utf8mb4_unicode_ci DEFAULT NULL COMMENT '个人简介',
  `deleted` tinyint DEFAULT '0' COMMENT '逻辑删除',
  `status` tinyint NOT NULL DEFAULT '1' COMMENT '状态：0禁用 1启用',
  `create_time` datetime NOT NULL DEFAULT CURRENT_TIMESTAMP COMMENT '创建时间',
  `update_time` datetime NOT NULL DEFAULT CURRENT_TIMESTAMP ON UPDATE CURRENT_TIMESTAMP COMMENT '更新时间',
  PRIMARY KEY (`id`),
  UNIQUE KEY `uk_user_username` (`username`),
  KEY `idx_user_role` (`role`),
  KEY `idx_user_create_time` (`create_time`)
) ENGINE=InnoDB AUTO_INCREMENT=41 DEFAULT CHARSET=utf8mb4 COLLATE=utf8mb4_unicode_ci COMMENT='用户';
/*!40101 SET character_set_client = @saved_cs_client */;

--
-- Dumping data for table `user`
--

LOCK TABLES `user` WRITE;
/*!40000 ALTER TABLE `user` DISABLE KEYS */;
INSERT INTO `user` VALUES (1,'admin','240be518fabd2724ddb6f04eeb1da5967448d7e831c08c8fa822809f74c720a9','系统管理员','13800000001','admin@example.com','admin',NULL,0,NULL,'Software Engineer',NULL,0,1,'2026-05-07 23:17:02','2026-05-10 23:43:58'),(2,'zhangsan','123456','爱打球的码农','13800000002','zhangsan@test.com','user','/uploads/avatars/default_avatar.png',1,20,'计算机科学与技术','计算机专业学生',0,1,'2026-05-07 23:17:02','2026-05-24 14:46:12'),(3,'lisi','123456','图书馆常驻民','13800000003','lisi@test.com','user','/uploads/avatars/default_avatar.png',1,21,NULL,'数学专业学生，喜欢思考',0,1,'2026-05-07 23:17:02','2026-05-24 14:46:12'),(5,'testuser','8d969eef6ecad3c29a3a629280e686cf0c3f5d5a86aff3ca12020c923adc6c92','普通的每一天','13800000005','testuser@test.com','user','/uploads/avatars/default_avatar.png',1,22,'信息管理','信息管理学生',0,1,'2026-05-08 23:35:53','2026-05-24 14:46:12'),(6,'李雨桐','8d969eef6ecad3c29a3a629280e686cf0c3f5d5a86aff3ca12020c923adc6c92','听雨的声音','13800000006','liyutong@test.com','user','/uploads/avatars/default_avatar.png',2,19,NULL,'喜欢画画和听音乐',0,1,'2026-05-08 23:38:00','2026-05-24 14:46:12'),(7,'liyutong','8d969eef6ecad3c29a3a629280e686cf0c3f5d5a86aff3ca12020c923adc6c92','琴房的猫','13800000007','liyutong@test.com','user','/uploads/avatars/default_avatar.png',2,20,'音乐学','音乐学学生',0,1,'2026-05-10 20:34:03','2026-05-24 14:55:57'),(8,'checktest','8d969eef6ecad3c29a3a629280e686cf0c3f5d5a86aff3ca12020c923adc6c92','早八人早八魂','13800000008','checktest@test.com','user','/uploads/avatars/default_avatar.png',1,23,NULL,'系统检测账号',0,1,'2026-05-10 21:30:19','2026-05-24 14:46:12'),(9,'chk_$(date +%s)','8d969eef6ecad3c29a3a629280e686cf0c3f5d5a86aff3ca12020c923adc6c92','Updated',NULL,NULL,'user','https://cube.elemecdn.com/0/88/03b0d39583f48206768a7534e55bcpng.png',0,25,'engineer',NULL,1,1,'2026-05-10 21:30:40','2026-05-10 22:15:18'),(10,'newuser','8d969eef6ecad3c29a3a629280e686cf0c3f5d5a86aff3ca12020c923adc6c92','新生报到','13800000010','newuser@test.com','user','/uploads/avatars/default_avatar.png',1,21,NULL,'刚加入平台',0,1,'2026-05-10 22:15:17','2026-05-24 14:46:12'),(11,'fin_check_1778424245','8d969eef6ecad3c29a3a629280e686cf0c3f5d5a86aff3ca12020c923adc6c92','审计小能手','13800000011','fincheck@test.com','user','/uploads/avatars/default_avatar.png',2,24,NULL,'财务审核账号',0,1,'2026-05-10 22:44:05','2026-05-24 14:46:12'),(12,'audit_1778425961','8d969eef6ecad3c29a3a629280e686cf0c3f5d5a86aff3ca12020c923adc6c92','查账小分队','13800000012','audit@test.com','user','/uploads/avatars/default_avatar.png',2,25,NULL,'审计专用账号',0,1,'2026-05-10 23:12:42','2026-05-24 14:46:12'),(14,'student','8d969eef6ecad3c29a3a629280e686cf0c3f5d5a86aff3ca12020c923adc6c92','代码写到秃','13800000014','student@test.com','user','/uploads/avatars/default_avatar.png',1,20,'计算机科学与技术','大二计算机系学生',0,1,'2026-04-01 08:00:00','2026-05-24 14:46:12'),(15,'wangwei','8d969eef6ecad3c29a3a629280e686cf0c3f5d5a86aff3ca12020c923adc6c92','工地搬砖人','13800000015','wangwei@test.com','user','/uploads/avatars/default_avatar.png',1,22,'土木工程','土木工程学生',0,1,'2026-04-01 08:00:00','2026-05-24 14:46:12'),(16,'zhangmei','8d969eef6ecad3c29a3a629280e686cf0c3f5d5a86aff3ca12020c923adc6c92','英语小天才','13800000016','zhangmei@test.com','user','/uploads/avatars/default_avatar.png',2,21,'英语','英语专业学生',0,1,'2026-04-02 09:00:00','2026-05-24 14:46:12'),(17,'liujun','8d969eef6ecad3c29a3a629280e686cf0c3f5d5a86aff3ca12020c923adc6c92','拧螺丝的','13800000017','liujun@test.com','user','/uploads/avatars/default_avatar.png',1,23,'机械工程学生','机械工程学生，动手能力强',0,1,'2026-04-03 10:30:00','2026-05-24 14:46:12'),(18,'chenli','8d969eef6ecad3c29a3a629280e686cf0c3f5d5a86aff3ca12020c923adc6c92','树洞心理站','13800000018','chenli@test.com','user','/uploads/avatars/default_avatar.png',2,20,'心理学','心理学专业学生',0,1,'2026-04-04 11:00:00','2026-05-24 14:46:12'),(19,'yanghao','8d969eef6ecad3c29a3a629280e686cf0c3f5d5a86aff3ca12020c923adc6c92','扛水泥的','13800000019','yanghao@test.com','user','/uploads/avatars/default_avatar.png',1,24,'土木工程学生','土木工程学生，喜欢摄影',0,1,'2026-04-05 08:30:00','2026-05-24 14:46:12'),(20,'zhaoting','8d969eef6ecad3c29a3a629280e686cf0c3f5d5a86aff3ca12020c923adc6c92','新闻搬运工','13800000020','zhaoting@test.com','user','/uploads/avatars/default_avatar.png',2,19,'新闻传播学生','新闻传播学生，性格外向',0,1,'2026-04-06 14:00:00','2026-05-24 14:46:12'),(21,'huanglei','8d969eef6ecad3c29a3a629280e686cf0c3f5d5a86aff3ca12020c923adc6c92','薛定谔的猫','13800000021','huanglei@test.com','user','/uploads/avatars/default_avatar.png',1,22,'物理学专业学生','物理学专业学生',0,1,'2026-04-07 09:00:00','2026-05-24 14:46:12'),(22,'zhoujie','8d969eef6ecad3c29a3a629280e686cf0c3f5d5a86aff3ca12020c923adc6c92','中文系不挂科','13800000022','zhoujie@test.com','user','/uploads/avatars/default_avatar.png',2,21,'汉语言文学学生','汉语言文学学生',0,1,'2026-04-08 10:00:00','2026-05-24 14:46:12'),(23,'xuyong','8d969eef6ecad3c29a3a629280e686cf0c3f5d5a86aff3ca12020c923adc6c92','跑不死的','13800000023','xuyong@test.com','user','/uploads/avatars/default_avatar.png',1,23,'体育教育学生','体育教育学生',0,1,'2026-04-09 11:30:00','2026-05-24 14:46:12'),(24,'sunna','8d969eef6ecad3c29a3a629280e686cf0c3f5d5a86aff3ca12020c923adc6c92','设计打工人','13800000024','sunna@test.com','user','/uploads/avatars/default_avatar.png',2,20,'艺术设计学生','艺术设计学生',0,1,'2026-04-10 08:00:00','2026-05-24 14:46:12'),(25,'linwei','8d969eef6ecad3c29a3a629280e686cf0c3f5d5a86aff3ca12020c923adc6c92','数学不挂科','13800000025','linwei@test.com','user','/uploads/avatars/default_avatar.png',1,22,'数学与应用数学学生','数学与应用数学学生',0,1,'2026-04-11 09:00:00','2026-05-24 14:46:12'),(26,'caixue','8d969eef6ecad3c29a3a629280e686cf0c3f5d5a86aff3ca12020c923adc6c92','法学生在线','13800000026','caixue@test.com','user','/uploads/avatars/default_avatar.png',2,21,'法学专业学生','法学专业学生',0,1,'2026-04-12 10:00:00','2026-05-24 14:46:12'),(27,'shengbiao','8d969eef6ecad3c29a3a629280e686cf0c3f5d5a86aff3ca12020c923adc6c92','化学实验室','13800000027','shengbiao@test.com','user','/uploads/avatars/default_avatar.png',1,24,'化学工程学生','化学工程学生',0,1,'2026-04-13 11:00:00','2026-05-24 14:46:12'),(28,'yaolan','8d969eef6ecad3c29a3a629280e686cf0c3f5d5a86aff3ca12020c923adc6c92','琴房常客','13800000028','yaolan@test.com','user','/uploads/avatars/default_avatar.png',2,19,'音乐学学生','音乐学学生',0,1,'2026-04-14 14:00:00','2026-05-24 14:46:12'),(29,'dengchao','8d969eef6ecad3c29a3a629280e686cf0c3f5d5a86aff3ca12020c923adc6c92','自动化冲鸭','13800000029','dengchao@test.com','user','/uploads/avatars/default_avatar.png',1,23,'自动化专业学生','自动化专业学生',0,1,'2026-04-15 08:30:00','2026-05-24 14:46:12'),(30,'fanbing','8d969eef6ecad3c29a3a629280e686cf0c3f5d5a86aff3ca12020c923adc6c92','金融打工人','13800000030','fanbing@test.com','user','/uploads/avatars/default_avatar.png',2,20,'金融学学生','金融学学生',0,1,'2026-04-16 09:00:00','2026-05-24 14:46:12'),(31,'tangqiang','8d969eef6ecad3c29a3a629280e686cf0c3f5d5a86aff3ca12020c923adc6c92','代码敲不停','13800000031','tangqiang@test.com','user','/uploads/avatars/default_avatar.png',1,22,'软件工程学生','软件工程学生',0,1,'2026-04-17 10:00:00','2026-05-24 14:46:12'),(32,'songjuan','8d969eef6ecad3c29a3a629280e686cf0c3f5d5a86aff3ca12020c923adc6c92','社工小能手','13800000032','songjuan@test.com','user','/uploads/avatars/default_avatar.png',2,21,'社会工作学生','社会工作学生',0,1,'2026-04-18 11:00:00','2026-05-24 14:46:12'),(33,'fengtao','8d969eef6ecad3c29a3a629280e686cf0c3f5d5a86aff3ca12020c923adc6c92','建筑打工人','13800000033','fengtao@test.com','user','/uploads/avatars/default_avatar.png',1,24,'建筑学学生','建筑学学生',0,1,'2026-04-19 08:00:00','2026-05-24 14:46:12'),(34,'panlin','8d969eef6ecad3c29a3a629280e686cf0c3f5d5a86aff3ca12020c923adc6c92','白衣天使梦','13800000034','panlin@test.com','user','/uploads/avatars/default_avatar.png',2,20,'护理学学生','护理学学生',0,1,'2026-04-20 09:00:00','2026-05-24 14:46:12'),(35,'zhangxiao','8d969eef6ecad3c29a3a629280e686cf0c3f5d5a86aff3ca12020c923adc6c92','今天也加油鸭','13800000035','zhangxiao@test.com','user','/uploads/avatars/default_avatar.png',2,21,'英语','英语专业学生',0,1,'2026-05-24 12:00:00','2026-05-24 14:46:12'),(36,'liqiang','8d969eef6ecad3c29a3a629280e686cf0c3f5d5a86aff3ca12020c923adc6c92','阴天快乐','13800000036','liqiang@test.com','user','/uploads/avatars/default_avatar.png',1,23,'计算机科学与技术','计算机专业学生',0,1,'2026-05-24 12:00:00','2026-05-24 14:46:12'),(37,'wangfang','8d969eef6ecad3c29a3a629280e686cf0c3f5d5a86aff3ca12020c923adc6c92','温暖的小太阳','13800000037','wangfang@test.com','user','/uploads/avatars/default_avatar.png',2,20,'心理学','心理学专业学生',0,1,'2026-05-24 12:00:00','2026-05-24 14:46:12'),(38,'chenming','8d969eef6ecad3c29a3a629280e686cf0c3f5d5a86aff3ca12020c923adc6c92','数学爱我一次','13800000038','chenming@test.com','user','/uploads/avatars/default_avatar.png',1,22,'数学与应用数学','数学专业学生',0,1,'2026-05-24 12:00:00','2026-05-24 14:46:12'),(39,'huwei','8d969eef6ecad3c29a3a629280e686cf0c3f5d5a86aff3ca12020c923adc6c92','画画治愈一切','13800000039','huwei@test.com','user','/uploads/avatars/default_avatar.png',2,21,'艺术设计','艺术设计学生',0,1,'2026-05-24 12:00:00','2026-05-24 14:46:12'),(40,'韩寒含','8d969eef6ecad3c29a3a629280e686cf0c3f5d5a86aff3ca12020c923adc6c92','温暖的小太阳',NULL,'2423104320@qq.com','user','',0,NULL,NULL,NULL,0,1,'2026-05-24 14:55:24','2026-05-24 14:55:24');
/*!40000 ALTER TABLE `user` ENABLE KEYS */;
UNLOCK TABLES;

--
-- Dumping routines for database 'mental_health'
--
/*!40103 SET TIME_ZONE=@OLD_TIME_ZONE */;

/*!40101 SET SQL_MODE=@OLD_SQL_MODE */;
/*!40014 SET FOREIGN_KEY_CHECKS=@OLD_FOREIGN_KEY_CHECKS */;
/*!40014 SET UNIQUE_CHECKS=@OLD_UNIQUE_CHECKS */;
/*!40101 SET CHARACTER_SET_CLIENT=@OLD_CHARACTER_SET_CLIENT */;
/*!40101 SET CHARACTER_SET_RESULTS=@OLD_CHARACTER_SET_RESULTS */;
/*!40101 SET COLLATION_CONNECTION=@OLD_COLLATION_CONNECTION */;
/*!40111 SET SQL_NOTES=@OLD_SQL_NOTES */;

-- Dump completed on 2026-05-25 15:10:07
